Locatie,Toevoeging
1,"e1"
2,"e1"
3,"e1"
3,"o2"
3,"q"
4,"e1"
4,"o4"
4,"q"
5,"e1"
6,"e1"
6,"o2"
6,"nt"
7,"e2"
7,"q"
7,"nt"
8,"e1"
8,"o4"
8,"q"
8,"nt"
9,"e1"
9,"nt"
10,"e1"
11,"e1"
11,"q"
13,"e1"
13,"q"
14,"e1"
14,"q"
15,"e1"
15,"q"
16,"e1"
16,"q"
17,"e1"
17,"q"
18,"e1"
18,"o2"
18,"q"
19,"e1"
19,"o2"
19,"q"
20,"e1"
20,"q"
21,"e1"
21,"q"
22,"e1"
22,"q"
23,"e1"
24,"e1"
25,"e1"
25,"q"
26,"e1"
26,"q"
27,"e1"
27,"q"
28,"e1"
29,"e1"
29,"r2"
29,"p3"
30,"e1"
30,"r2"
30,"q"
31,"e1"
31,"r4"
32,"e1"
32,"q"
33,"e1"
33,"r4"
34,"e1"
35,"e1"
35,"p2"
36,"e1"
37,"e1"
39,"e1"
40,"e1"
40,"p2"
40,"nt"
42,"e1"
43,"e1"
44,"e1"
44,"p3"
45,"e1"
45,"nt"
46,"e1"
46,"p2"
47,"e1"
48,"e1"
49,"e1"
50,"e1"
51,"e1"
52,"e1"
53,"e1"
53,"m"
54,"e2"
54,"o2"
54,"p2"
55,"e1"
56,"e2"
56,"o2"
56,"nt"
57,"e6"
58,"e6"
58,"r2"
58,"p4"
59,"e1"
60,"e1"
60,"m"
61,"e6"
62,"e6"
63,"e6"
63,"m"
64,"e1"
64,"h2"
64,"p3"
64,"m"
65,"e6"
65,"v3"
66,"e6"
66,"v4"
66,"h2"
67,"e5"
67,"o2"
67,"v4"
67,"h3"
68,"e6"
68,"v4"
68,"q"
69,"e6"
69,"v4"
69,"h2"
70,"e1"
70,"v3"
70,"h2"
70,"q"
71,"e5"
71,"o4"
71,"v1"
71,"q"
72,"e1"
72,"m"
73,"e1"
74,"e1"
74,"p2"
74,"m"
76,"e2"
76,"v2"
77,"e6"
77,"o3"
77,"v4"
77,"h2"
78,"e6"
78,"v4"
79,"e6"
79,"o2"
79,"v4"
79,"q"
81,"e5"
81,"v4"
82,"e6"
82,"v4"
82,"h3"
83,"e6"
83,"v4"
83,"h2"
84,"e6"
84,"h2"
85,"e6"
85,"v1"
85,"q"
86,"e6"
86,"v2"
87,"e6"
87,"v4"
87,"h2"
87,"q"
88,"e6"
88,"h2"
88,"q"
89,"e5"
89,"v3"
89,"h2"
89,"q"
90,"e3"
90,"h3"
90,"q"
91,"e5"
91,"nt"
92,"e2"
92,"o2"
92,"v1"
92,"q"
93,"e1"
94,"e1"
95,"e6"
97,"e6"
97,"q"
98,"e6"
98,"h2"
98,"q"
98,"nt"
99,"e6"
99,"nt"
100,"e6"
100,"nt"
101,"e6"
101,"nt"
102,"e6"
103,"e1"
104,"e2"
104,"nt"
105,"e4"
105,"v3"
105,"q"
106,"e1"
106,"v4"
107,"e1"
107,"o2"
108,"e1"
109,"e1"
109,"o3"
109,"q"
110,"e1"
110,"v1"
110,"q"
111,"e1"
111,"q"
112,"e1"
113,"e1"
114,"e1"
114,"v1"
115,"e1"
115,"v4"
116,"e1"
116,"v4"
116,"q"
117,"e2"
117,"v4"
117,"t"
118,"e1"
119,"e1"
120,"e1"
120,"v4"
120,"h2"
120,"m"
121,"e1"
122,"e1"
122,"v4"
122,"q"
123,"e1"
123,"v4"
124,"e1"
124,"v2"
125,"e1"
126,"e1"
127,"e1"
128,"e1"
129,"e1"
129,"v4"
130,"e5"
130,"v4"
130,"p2"
131,"e6"
131,"o2"
131,"v4"
132,"e1"
132,"v2"
133,"e1"
133,"v4"
133,"q"
134,"e1"
134,"v4"
134,"q"
135,"e1"
135,"v1"
135,"t"
136,"e1"
136,"v4"
137,"e1"
137,"o2"
137,"v4"
137,"h2"
137,"q"
138,"e1"
138,"v3"
138,"p2"
138,"q"
139,"e1"
139,"v1"
139,"q"
140,"e1"
141,"e1"
141,"v4"
143,"e1"
143,"v4"
144,"e1"
144,"o2"
144,"v2"
144,"q"
145,"e1"
145,"v3"
145,"p3"
146,"e1"
146,"v1"
146,"p4"
147,"e1"
147,"q"
148,"e1"
148,"o2"
148,"v1"
148,"q"
149,"e1"
149,"v4"
150,"e1"
150,"o2"
150,"v4"
151,"e1"
151,"v4"
152,"e5"
152,"v4"
153,"e1"
153,"v1"
153,"r4"
154,"e1"
155,"e1"
155,"v1"
155,"p4"
156,"e1"
156,"v1"
157,"e1"
157,"v4"
158,"e1"
158,"v4"
158,"p2"
159,"e1"
159,"v1"
160,"e5"
160,"v4"
160,"h2"
160,"q"
161,"e1"
161,"v4"
162,"e1"
162,"r4"
163,"e1"
163,"r3"
163,"q"
164,"e1"
164,"o3"
164,"q"
165,"e1"
165,"v3"
166,"e1"
166,"q"
167,"e1"
167,"r3"
167,"t"
168,"e1"
168,"nt"
169,"e1"
169,"v4"
170,"e1"
170,"v1"
170,"t"
170,"q"
171,"e1"
171,"v1"
171,"q"
172,"e1"
172,"q"
173,"e1"
173,"v4"
173,"q"
174,"e1"
174,"v2"
174,"q"
175,"e1"
175,"v3"
176,"e1"
176,"v1"
176,"q"
177,"e1"
177,"v4"
177,"q"
178,"e1"
178,"v3"
179,"e1"
179,"v3"
179,"q"
180,"e1"
180,"v1"
180,"q"
181,"e1"
181,"v3"
181,"q"
182,"e1"
182,"o4"
182,"v4"
182,"q"
183,"e1"
183,"o2"
183,"v4"
183,"q"
185,"e1"
187,"e1"
187,"q"
188,"e1"
188,"v4"
188,"h2"
189,"e6"
189,"h3"
190,"e6"
190,"v4"
190,"h2"
191,"e6"
191,"v4"
191,"h2"
192,"e4"
192,"v3"
192,"h2"
194,"e6"
194,"v3"
194,"h2"
195,"e6"
195,"o2"
195,"v4"
196,"e5"
196,"v4"
198,"e1"
199,"e6"
199,"v3"
200,"e6"
200,"v4"
201,"e6"
202,"e6"
203,"e1"
204,"e1"
205,"e1"
206,"o3"
206,"v2"
206,"e1"
207,"e6"
207,"o3"
208,"e1"
209,"e6"
210,"e1"
210,"h3"
211,"e6"
211,"v4"
211,"h2"
212,"e6"
212,"v1"
212,"h2"
213,"e6"
213,"v4"
213,"h3"
214,"e1"
214,"h2"
215,"e1"
215,"m"
216,"e5"
216,"v1"
217,"e6"
217,"o2"
217,"v3"
217,"h2"
218,"e6"
218,"v4"
218,"h2"
219,"e6"
219,"v4"
221,"e6"
221,"v3"
222,"e6"
222,"v1"
223,"e6"
223,"v2"
223,"h4"
224,"e6"
224,"v4"
224,"h3"
225,"e1"
225,"m"
226,"e1"
227,"e1"
227,"v1"
227,"h4"
228,"v1"
228,"h3"
228,"e1"
229,"e6"
229,"v3"
229,"h2"
230,"e6"
230,"v2"
230,"h2"
231,"e1"
232,"e1"
233,"e1"
233,"m"
235,"e6"
235,"v3"
235,"h2"
236,"e6"
236,"v4"
237,"e6"
237,"v4"
238,"e6"
238,"v4"
239,"e6"
239,"v1"
240,"e6"
240,"v1"
241,"e6"
241,"v1"
242,"e5"
242,"v4"
242,"h3"
244,"e6"
245,"e6"
245,"v2"
247,"e6"
247,"v2"
247,"h2"
248,"e6"
249,"e6"
249,"h3"
250,"e5"
250,"v2"
250,"h3"
251,"e6"
251,"v4"
251,"h2"
252,"e1"
253,"nt"
253,"e1"
254,"nt"
254,"e1"
255,"nt"
255,"e1"
256,"e6"
257,"e1"
258,"e1"
259,"e1"
260,"e1"
261,"e1"
262,"e6"
263,"e1"
264,"e6"
265,"e1"
266,"e6"
266,"nt"
267,"e6"
267,"v4"
268,"e1"
269,"e1"
269,"v4"
270,"e4"
270,"v1"
272,"nt"
272,"e1"
273,"e1"
274,"e2"
274,"o2"
274,"nt"
275,"v3"
275,"nt"
275,"e1"
276,"o3"
276,"nt"
276,"e1"
277,"o2"
277,"nt"
277,"e1"
278,"e1"
278,"m"
279,"e1"
279,"v1"
280,"e1"
280,"v1"
282,"e3"
282,"v3"
283,"e3"
283,"v1"
284,"e6"
284,"v1"
285,"e1"
285,"h2"
286,"e1"
286,"v1"
287,"e1"
287,"v3"
288,"e1"
288,"v3"
288,"q"
289,"e2"
289,"v3"
289,"q"
290,"e1"
290,"v3"
291,"e1"
291,"q"
292,"e1"
292,"v1"
292,"m"
293,"e1"
293,"v1"
293,"m"
294,"e1"
294,"v4"
295,"e1"
295,"v3"
296,"e3"
296,"v2"
296,"t"
297,"e1"
297,"v3"
298,"e3"
298,"v4"
299,"e1"
299,"v3"
299,"nt"
300,"e1"
300,"v3"
300,"nt"
301,"e2"
301,"v2"
301,"q"
302,"e2"
302,"o4"
302,"v1"
302,"t"
302,"nt"
303,"e2"
303,"o4"
303,"v1"
303,"t"
303,"nt"
304,"e1"
304,"v4"
304,"m"
305,"e1"
305,"v4"
305,"m"
306,"e1"
306,"v4"
307,"e1"
307,"v1"
307,"m"
308,"e1"
308,"v1"
309,"e1"
309,"v4"
310,"e1"
310,"v1"
311,"e5"
311,"v4"
311,"m"
312,"e1"
312,"m"
313,"e1"
313,"v4"
314,"e1"
314,"v4"
314,"h2"
314,"t"
315,"e1"
315,"v1"
315,"t"
316,"e1"
316,"v2"
316,"h3"
316,"t"
317,"e1"
317,"v1"
317,"h3"
317,"q"
318,"e1"
318,"v2"
318,"h3"
319,"e1"
319,"v1"
319,"h2"
319,"q"
320,"e1"
321,"e1"
321,"v4"
321,"q"
322,"e1"
322,"v2"
322,"h2"
322,"q"
323,"e1"
323,"o2"
323,"v1"
323,"q"
324,"e1"
324,"v3"
324,"h2"
324,"p2"
324,"q"
325,"e1"
325,"v3"
325,"q"
326,"e1"
326,"v4"
327,"e1"
327,"v1"
327,"t"
328,"e1"
328,"v2"
329,"e1"
329,"v4"
329,"q"
330,"e1"
330,"v4"
331,"e1"
331,"v4"
332,"e1"
332,"o3"
332,"v1"
332,"q"
333,"e1"
333,"v4"
333,"h2"
334,"e1"
334,"v4"
335,"e1"
335,"v4"
335,"q"
336,"e1"
336,"v4"
336,"q"
337,"e1"
337,"v4"
338,"e1"
338,"v4"
339,"e1"
339,"v2"
340,"e1"
340,"v4"
341,"e1"
341,"v2"
342,"e1"
342,"v4"
342,"h2"
343,"e1"
343,"v1"
344,"e1"
344,"v3"
344,"h3"
345,"e1"
345,"v1"
345,"h4"
345,"q"
346,"e2"
346,"v3"
346,"h4"
347,"e2"
347,"v1"
348,"e1"
348,"v4"
348,"t"
349,"e1"
349,"v4"
350,"e1"
350,"v2"
351,"e1"
351,"v4"
351,"q"
352,"e1"
352,"v4"
352,"q"
353,"e1"
353,"v2"
353,"q"
354,"e1"
354,"v4"
354,"q"
355,"e1"
355,"v4"
355,"q"
356,"e1"
356,"v4"
356,"q"
357,"e1"
357,"v4"
357,"t"
357,"q"
358,"e1"
358,"v4"
358,"q"
360,"e1"
361,"e1"
361,"o2"
362,"e1"
362,"o2"
362,"v3"
362,"q"
363,"e1"
363,"q"
365,"e1"
365,"v4"
366,"e2"
366,"v4"
366,"t"
367,"e1"
367,"v1"
368,"e2"
368,"v4"
368,"h2"
368,"t"
369,"e1"
369,"t"
370,"e1"
370,"p3"
370,"m"
371,"e3"
371,"v4"
371,"t"
372,"e1"
372,"v4"
372,"t"
373,"o2"
373,"nt"
373,"e1"
374,"e4"
374,"v2"
374,"t"
375,"e1"
375,"v4"
375,"h2"
376,"e1"
376,"v3"
376,"q"
377,"e2"
377,"v1"
377,"t"
377,"q"
378,"e1"
378,"v4"
378,"t"
379,"e1"
379,"v4"
380,"e1"
381,"e1"
381,"o3"
381,"q"
382,"e1"
382,"q"
383,"e1"
384,"e2"
384,"q"
384,"nt"
385,"e1"
385,"o2"
385,"q"
386,"q"
386,"nt"
386,"e1"
387,"e1"
387,"q"
388,"e1"
388,"q"
389,"e1"
389,"q"
390,"e1"
390,"q"
391,"e1"
391,"q"
391,"nt"
392,"e1"
392,"q"
393,"e1"
393,"q"
394,"e1"
394,"q"
395,"e1"
396,"e1"
396,"nt"
397,"e1"
397,"o3"
398,"e1"
398,"o3"
398,"nt"
399,"e2"
399,"q"
399,"nt"
400,"e1"
400,"v1"
400,"q"
401,"e1"
401,"o2"
401,"q"
402,"e1"
402,"q"
402,"nt"
403,"e1"
403,"q"
404,"e1"
404,"q"
405,"e1"
405,"q"
406,"e1"
406,"o3"
406,"v4"
406,"q"
407,"e1"
407,"r3"
408,"e1"
408,"h3"
409,"e1"
409,"q"
410,"e1"
410,"r2"
410,"t"
411,"e1"
411,"q"
412,"e1"
412,"r4"
413,"e1"
413,"h4"
414,"e1"
414,"q"
415,"e1"
415,"q"
416,"e1"
416,"t"
416,"q"
416,"nt"
417,"e1"
417,"r4"
417,"q"
418,"e1"
418,"r4"
418,"q"
418,"nt"
419,"e1"
420,"e1"
420,"v4"
420,"q"
421,"e1"
421,"h2"
421,"q"
422,"e1"
422,"v4"
422,"q"
423,"e1"
424,"e1"
424,"v4"
424,"h2"
424,"q"
425,"e1"
425,"v1"
426,"e1"
426,"v2"
427,"e4"
427,"v3"
427,"q"
428,"e1"
428,"v4"
428,"q"
429,"e4"
429,"v4"
429,"q"
430,"e1"
430,"o2"
430,"v4"
430,"q"
431,"nt"
431,"e1"
432,"t"
432,"nt"
432,"e1"
433,"nt"
433,"e1"
434,"e1"
434,"o2"
434,"t"
434,"q"
435,"e1"
435,"v2"
436,"e5"
436,"v4"
437,"e5"
437,"v4"
438,"e4"
438,"v4"
439,"e5"
439,"v4"
440,"h3"
440,"p2"
440,"e1"
441,"p1"
441,"e1"
442,"e1"
444,"e6"
444,"h2"
445,"e6"
445,"h2"
446,"e1"
449,"e1"
2528,"m"
2528,"e1"
453,"e1"
454,"e1"
455,"e1"
457,"e1"
458,"p3"
458,"e1"
459,"e1"
462,"h2"
462,"p1"
462,"e1"
463,"r4"
463,"e1"
464,"e1"
465,"h2"
465,"p1"
465,"e1"
467,"e1"
468,"e1"
471,"e1"
471,"o2"
472,"e1"
475,"e6"
475,"o4"
475,"v4"
475,"q"
475,"nt"
476,"e6"
476,"v4"
476,"q"
476,"nt"
477,"e1"
478,"e1"
478,"h3"
478,"m"
479,"e6"
479,"h2"
479,"q"
480,"e6"
480,"v1"
480,"q"
482,"e6"
482,"v4"
482,"h2"
483,"e1"
483,"v2"
483,"h2"
485,"e1"
485,"h3"
485,"m"
486,"e2"
486,"q"
487,"e6"
487,"v4"
487,"h2"
491,"e2"
491,"v3"
492,"e6"
493,"e6"
495,"e6"
495,"v4"
495,"h2"
497,"e2"
498,"e6"
498,"v4"
500,"e6"
500,"v4"
500,"h2"
501,"e2"
502,"e6"
502,"v4"
502,"h2"
503,"e1"
503,"m"
504,"e1"
504,"h2"
504,"p2"
504,"m"
505,"e6"
505,"v4"
505,"h2"
507,"e6"
507,"v4"
507,"h2"
509,"e2"
510,"e2"
511,"e1"
512,"e6"
513,"e2"
513,"v1"
514,"e1"
515,"e1"
516,"e6"
517,"e2"
518,"e6"
518,"v4"
520,"e6"
520,"v4"
520,"h2"
521,"e2"
523,"e6"
523,"v4"
523,"h2"
524,"e2"
525,"e6"
525,"v4"
527,"e1"
527,"h3"
527,"m"
528,"e6"
528,"o2"
528,"q"
529,"e1"
529,"m"
530,"e1"
531,"e1"
531,"q"
532,"e1"
533,"e1"
534,"e1"
535,"e1"
536,"e1"
537,"e1"
537,"q"
538,"e6"
539,"e6"
540,"e6"
541,"y1"
541,"e2"
541,"o3"
542,"e6"
542,"v1"
543,"e1"
543,"m"
544,"e6"
544,"o4"
544,"h3"
544,"q"
545,"e1"
545,"m"
546,"e1"
546,"m"
547,"e6"
548,"e5"
548,"o2"
548,"q"
548,"nt"
549,"e1"
549,"nt"
550,"e5"
550,"q"
551,"e5"
551,"q"
551,"nt"
552,"e1"
552,"m"
553,"e6"
553,"o2"
553,"v3"
553,"h3"
554,"e1"
555,"e6"
555,"h2"
556,"e6"
556,"v3"
556,"h2"
556,"p2"
557,"e6"
557,"v2"
558,"e6"
558,"v4"
558,"p2"
559,"e6"
559,"v2"
560,"e6"
560,"v3"
560,"h2"
560,"p2"
563,"e1"
564,"e6"
564,"v4"
565,"e6"
565,"o2"
565,"v4"
565,"h2"
566,"e6"
566,"v3"
567,"e6"
567,"v4"
567,"h2"
568,"e6"
569,"e6"
569,"v4"
570,"e1"
571,"e1"
571,"h4"
571,"p2"
571,"m"
572,"e6"
572,"v4"
572,"p2"
573,"e6"
574,"e6"
574,"v4"
574,"h2"
575,"e6"
575,"v4"
576,"e6"
576,"v4"
576,"h2"
577,"e6"
577,"v2"
577,"q"
578,"e6"
579,"e6"
579,"h3"
579,"q"
580,"e6"
581,"e6"
581,"v4"
581,"h2"
581,"q"
582,"e6"
583,"e6"
583,"v3"
583,"h2"
583,"q"
584,"e6"
584,"q"
585,"e6"
586,"e6"
587,"e1"
587,"h3"
588,"e6"
588,"v4"
588,"h2"
589,"e1"
589,"h3"
590,"e6"
590,"v4"
590,"h2"
590,"q"
591,"e6"
591,"v4"
591,"h2"
592,"e6"
592,"h3"
593,"e6"
593,"v2"
593,"q"
594,"e6"
594,"v1"
595,"e6"
595,"v4"
596,"e1"
596,"v4"
597,"e1"
598,"e1"
598,"v1"
599,"e1"
599,"v2"
600,"v4"
600,"e1"
601,"e1"
602,"e1"
602,"v4"
604,"e6"
604,"v1"
610,"e1"
611,"e1"
611,"o2"
614,"e1"
614,"v4"
616,"e1"
616,"v4"
617,"e1"
617,"v4"
617,"h3"
618,"e1"
618,"v2"
619,"e1"
619,"v4"
620,"e1"
621,"e1"
622,"e1"
622,"v3"
623,"e1"
623,"v4"
624,"e1"
624,"v4"
625,"e1"
625,"v4"
626,"e1"
626,"v1"
627,"e1"
627,"v4"
629,"e6"
629,"h2"
630,"e1"
630,"v2"
630,"h2"
631,"e1"
632,"e1"
632,"v3"
633,"e1"
634,"e1"
635,"e1"
636,"e1"
637,"e1"
637,"q"
638,"e1"
638,"v4"
641,"e1"
641,"v4"
644,"e1"
644,"v1"
644,"h2"
644,"t"
645,"e1"
646,"e1"
646,"v2"
646,"h2"
647,"e6"
647,"o2"
647,"v2"
647,"t"
647,"q"
648,"e6"
648,"h3"
648,"q"
649,"e6"
649,"h3"
649,"q"
650,"e6"
650,"v4"
650,"h2"
650,"q"
651,"e6"
651,"h3"
651,"q"
652,"e6"
652,"v4"
653,"e6"
653,"v4"
654,"e6"
654,"v1"
654,"h4"
654,"q"
655,"e6"
655,"v4"
655,"h2"
655,"q"
656,"e6"
656,"h4"
656,"q"
657,"e6"
657,"v4"
657,"q"
658,"e6"
658,"v2"
658,"h3"
658,"q"
659,"e6"
659,"nt"
660,"e6"
660,"nt"
661,"e6"
661,"o2"
661,"v4"
661,"h2"
662,"e6"
662,"v4"
663,"e6"
663,"q"
664,"e6"
665,"e1"
665,"h4"
666,"e2"
667,"e6"
667,"o2"
667,"v4"
667,"h2"
668,"e6"
668,"v4"
669,"e6"
669,"o2"
669,"v4"
669,"q"
670,"e6"
670,"nt"
671,"e6"
672,"e6"
673,"e6"
674,"e6"
674,"v3"
675,"e2"
675,"nt"
676,"e1"
677,"e6"
677,"nt"
678,"e6"
678,"o2"
678,"v2"
678,"q"
679,"e6"
679,"nt"
680,"e6"
680,"o3"
680,"v4"
680,"q"
681,"e6"
681,"v3"
682,"e6"
683,"e6"
683,"nt"
684,"e1"
684,"nt"
686,"e2"
686,"v4"
686,"nt"
687,"e2"
687,"nt"
688,"e1"
689,"e6"
689,"o2"
689,"v4"
689,"q"
693,"e6"
693,"o3"
693,"v4"
693,"q"
696,"e6"
696,"o2"
696,"v4"
696,"q"
698,"e6"
698,"v4"
699,"e6"
699,"o4"
699,"v4"
699,"q"
703,"e6"
703,"v2"
704,"e1"
704,"m"
705,"e6"
705,"q"
706,"e6"
706,"h2"
706,"q"
707,"e6"
707,"v4"
708,"nt"
708,"e6"
709,"e6"
709,"v3"
709,"q"
710,"e6"
710,"v4"
711,"e6"
711,"o2"
711,"v4"
712,"e6"
712,"v3"
713,"e6"
713,"v4"
713,"h2"
714,"v4"
714,"nt"
714,"e1"
716,"e6"
716,"v4"
716,"h4"
717,"e6"
717,"v4"
717,"h3"
718,"e6"
718,"v4"
718,"h3"
718,"q"
719,"e6"
719,"v3"
719,"h2"
720,"e1"
720,"h4"
721,"e6"
721,"v2"
721,"h2"
722,"e6"
722,"v3"
722,"q"
723,"e6"
723,"v3"
724,"e6"
724,"v3"
724,"nt"
725,"e6"
725,"v3"
725,"q"
725,"nt"
726,"e6"
726,"v3"
726,"q"
726,"nt"
727,"e5"
728,"e6"
728,"v4"
728,"h2"
729,"e1"
730,"e6"
731,"e2"
731,"v2"
731,"nt"
732,"e6"
732,"v4"
732,"h2"
733,"e6"
734,"e6"
734,"v3"
735,"e6"
735,"h2"
736,"e6"
736,"v4"
736,"h2"
738,"e6"
739,"e6"
739,"v4"
739,"h3"
740,"e6"
740,"v4"
740,"h3"
743,"e6"
743,"o2"
745,"e1"
746,"e6"
746,"v4"
747,"e6"
747,"v4"
747,"h2"
748,"e6"
748,"v4"
748,"h3"
749,"e6"
749,"v4"
750,"e6"
750,"o4"
750,"nt"
751,"e6"
751,"nt"
752,"e1"
753,"e6"
753,"nt"
754,"e1"
755,"e6"
755,"nt"
756,"e6"
756,"nt"
757,"e6"
757,"q"
757,"nt"
758,"e6"
758,"nt"
759,"e1"
760,"e6"
760,"nt"
761,"e6"
761,"o3"
761,"v4"
761,"h2"
762,"e6"
762,"v4"
762,"h3"
763,"e6"
763,"v1"
763,"h3"
764,"e1"
765,"e6"
765,"v4"
765,"h3"
766,"e6"
766,"o3"
766,"v2"
766,"h4"
766,"q"
767,"e6"
767,"v3"
767,"h4"
767,"q"
768,"e6"
768,"v4"
768,"q"
769,"e6"
769,"v2"
769,"h4"
770,"e6"
770,"v4"
770,"h4"
771,"e1"
772,"e1"
773,"e1"
773,"m"
774,"e1"
775,"e1"
776,"e6"
776,"h2"
777,"e6"
778,"e6"
778,"v4"
778,"h2"
779,"e6"
779,"h2"
780,"e1"
781,"e2"
782,"e1"
783,"e1"
784,"e1"
785,"e2"
785,"o4"
786,"e1"
787,"e1"
788,"e1"
789,"e6"
789,"o2"
790,"e1"
791,"e1"
791,"o2"
791,"r2"
791,"p2"
792,"e1"
793,"e1"
794,"e1"
795,"e1"
795,"o2"
795,"r2"
795,"p2"
796,"e1"
797,"e6"
798,"e1"
798,"r3"
799,"e1"
800,"e6"
800,"o3"
800,"p3"
801,"e1"
803,"e1"
804,"e1"
805,"e6"
805,"o2"
806,"e1"
807,"e1"
808,"e6"
808,"o2"
808,"p2"
809,"e1"
810,"e1"
811,"e1"
812,"e2"
813,"e2"
814,"e2"
814,"o3"
815,"e1"
816,"e1"
816,"r2"
816,"p2"
817,"e1"
818,"e1"
818,"r4"
818,"p2"
819,"e1"
820,"e6"
820,"v4"
821,"e6"
821,"v4"
821,"h2"
822,"e6"
822,"v4"
822,"h2"
823,"e6"
823,"v3"
823,"h3"
824,"e6"
824,"v4"
825,"e6"
825,"m"
829,"e6"
832,"e6"
833,"e5"
833,"v4"
834,"e5"
834,"v3"
834,"h4"
835,"e5"
835,"v2"
836,"e5"
836,"v2"
837,"e1"
837,"p2"
837,"m"
838,"e5"
838,"v4"
839,"e5"
839,"v4"
839,"h2"
840,"e5"
840,"v4"
841,"e1"
841,"v4"
842,"e6"
842,"v2"
843,"e2"
843,"nt"
844,"e2"
844,"o3"
844,"nt"
845,"e1"
846,"e5"
846,"v4"
848,"e1"
849,"e1"
849,"nt"
850,"e6"
850,"v4"
851,"e5"
851,"q"
852,"e6"
853,"e1"
853,"h2"
854,"e6"
854,"v2"
854,"h4"
855,"e6"
855,"v4"
856,"e6"
856,"v4"
856,"h2"
857,"e5"
857,"v4"
857,"h2"
859,"e5"
859,"v4"
859,"h2"
860,"e6"
860,"o2"
860,"v4"
860,"h3"
860,"q"
861,"e5"
861,"v4"
861,"h2"
862,"e6"
862,"h4"
863,"e6"
863,"v4"
864,"e6"
864,"v4"
865,"e6"
865,"q"
866,"e6"
866,"o2"
866,"q"
866,"nt"
868,"e2"
868,"nt"
869,"e2"
869,"nt"
870,"e2"
870,"nt"
871,"e2"
871,"nt"
872,"e2"
872,"nt"
873,"e1"
875,"e6"
875,"v4"
877,"e6"
877,"h2"
878,"e6"
878,"v4"
878,"h2"
880,"e2"
880,"nt"
881,"e1"
882,"e6"
882,"v4"
882,"h2"
883,"e6"
883,"v4"
883,"h2"
884,"e6"
884,"v4"
885,"y1"
885,"e5"
886,"e6"
886,"v4"
886,"h2"
888,"e5"
888,"h4"
889,"e6"
889,"h2"
890,"e6"
890,"v4"
890,"h2"
891,"e6"
891,"v4"
891,"h2"
892,"e6"
892,"v4"
892,"h2"
893,"e1"
893,"h4"
893,"q"
894,"e6"
894,"v4"
894,"h2"
895,"e6"
895,"v4"
896,"e6"
896,"v4"
896,"h2"
897,"e6"
897,"h2"
897,"p2"
898,"e6"
898,"v4"
898,"p2"
899,"e6"
899,"h2"
899,"p2"
900,"e6"
900,"v4"
901,"e6"
901,"v4"
901,"h2"
901,"q"
904,"e1"
905,"e6"
905,"v4"
905,"h2"
908,"e6"
908,"v4"
910,"e5"
910,"o2"
910,"v3"
910,"h2"
910,"q"
911,"o3"
911,"e1"
912,"r4"
912,"e1"
913,"q"
913,"e1"
914,"e1"
915,"e1"
916,"h2"
916,"p2"
916,"e1"
917,"p2"
917,"e1"
919,"h3"
919,"e1"
920,"p2"
920,"e1"
921,"e1"
922,"h3"
922,"e1"
923,"e1"
924,"h2"
924,"r3"
924,"e1"
925,"e1"
926,"h2"
926,"q"
926,"e1"
927,"p2"
927,"e1"
928,"p2"
928,"e1"
929,"e1"
930,"v3"
930,"q"
930,"e1"
931,"e1"
933,"h2"
933,"p1"
933,"e1"
934,"q"
934,"e1"
935,"h2"
935,"e1"
936,"e1"
937,"q"
937,"e1"
938,"e1"
939,"e1"
940,"h2"
940,"p2"
940,"e1"
941,"e1"
941,"v1"
942,"e1"
942,"v2"
943,"e1"
943,"v3"
944,"e1"
944,"v1"
945,"e1"
946,"e1"
946,"v2"
947,"e1"
947,"h2"
947,"q"
948,"e1"
948,"q"
949,"e1"
949,"q"
950,"e1"
950,"v4"
950,"h3"
951,"e1"
951,"v2"
951,"h2"
952,"e1"
952,"o2"
952,"q"
953,"e1"
953,"v3"
954,"e1"
954,"q"
955,"e1"
955,"v3"
956,"e1"
956,"o2"
957,"e1"
957,"v2"
958,"e1"
958,"v4"
959,"e1"
960,"e1"
960,"q"
961,"e1"
961,"q"
962,"e1"
963,"e1"
963,"q"
964,"e1"
964,"q"
965,"e1"
965,"q"
966,"e1"
966,"o4"
966,"q"
967,"e1"
967,"h2"
967,"q"
968,"e1"
968,"o2"
968,"v4"
968,"q"
969,"e1"
969,"q"
970,"e1"
971,"e1"
971,"h2"
971,"q"
972,"e1"
972,"q"
973,"e1"
973,"v1"
973,"h3"
973,"t"
974,"e1"
974,"t"
975,"e1"
975,"o4"
975,"v1"
976,"e2"
976,"v4"
976,"q"
976,"nt"
977,"e2"
977,"v2"
977,"h2"
977,"t"
977,"q"
978,"e2"
978,"v3"
978,"t"
978,"q"
978,"nt"
979,"e1"
979,"v1"
979,"h2"
979,"q"
980,"e1"
980,"v1"
980,"q"
981,"e1"
981,"v4"
981,"h2"
982,"e1"
982,"v4"
982,"h2"
983,"e1"
983,"v3"
983,"t"
984,"e1"
984,"v4"
985,"e1"
985,"v2"
985,"h2"
986,"e1"
987,"e1"
988,"e1"
988,"v2"
989,"e1"
990,"e1"
990,"t"
991,"e2"
991,"v4"
991,"t"
992,"e1"
992,"nt"
993,"e1"
994,"e1"
994,"v4"
994,"h2"
994,"t"
995,"e1"
995,"v4"
995,"h2"
995,"t"
996,"e1"
996,"o3"
996,"v1"
996,"t"
996,"q"
997,"e1"
997,"v1"
997,"h2"
997,"q"
998,"e1"
998,"v3"
998,"h2"
998,"t"
998,"q"
999,"e1"
999,"h2"
999,"q"
1000,"e1"
1000,"h2"
1000,"q"
1001,"e2"
1001,"v3"
1002,"e1"
1002,"o2"
1002,"q"
1002,"nt"
1003,"e1"
1003,"q"
1003,"nt"
1004,"e1"
1004,"q"
1004,"nt"
1005,"e1"
1005,"o3"
1005,"q"
1005,"nt"
1006,"e2"
1006,"v2"
1006,"q"
1007,"e1"
1007,"nt"
1008,"e1"
1008,"nt"
1009,"e1"
1010,"e1"
1011,"e1"
1011,"q"
1012,"e1"
1012,"o2"
1012,"q"
1013,"e1"
1013,"q"
1014,"e1"
1015,"e1"
1016,"e1"
1017,"e1"
1018,"e1"
1019,"e1"
1020,"e1"
1021,"e1"
1021,"r2"
1022,"e1"
1023,"e1"
1023,"r4"
1024,"e1"
1025,"e1"
1025,"r2"
1026,"e1"
1026,"r2"
1027,"e1"
1027,"r4"
1028,"e1"
1029,"e1"
1030,"e1"
1031,"e1"
1031,"r2"
1032,"e1"
1032,"q"
1033,"e1"
1033,"q"
1034,"e1"
1034,"o3"
1034,"v1"
1034,"q"
1035,"e1"
1035,"q"
1036,"e1"
1036,"q"
1037,"e1"
1037,"q"
1039,"e1"
1039,"r4"
1039,"q"
1040,"e1"
1040,"q"
1040,"nt"
1041,"e1"
1042,"e2"
1042,"o2"
1042,"h2"
1042,"t"
1042,"q"
1043,"e1"
1043,"v1"
1043,"h3"
1043,"q"
1044,"e1"
1044,"t"
1044,"nt"
1045,"e2"
1045,"q"
1047,"e1"
1047,"q"
1047,"nt"
1048,"e1"
1048,"r4"
1048,"t"
1048,"nt"
1049,"e1"
1049,"r1"
1049,"q"
1049,"nt"
1050,"e1"
1050,"r2"
1050,"nt"
1051,"e1"
1052,"e1"
1053,"e1"
1054,"p4"
1054,"q"
1054,"e1"
1055,"q"
1055,"e1"
1056,"p2"
1056,"q"
1056,"e1"
1057,"h4"
1057,"p2"
1057,"e1"
1058,"e1"
1059,"p2"
1059,"q"
1059,"e1"
1060,"q"
1060,"e1"
1061,"p3"
1061,"e1"
1062,"e1"
1063,"e6"
1063,"h4"
1064,"e6"
1064,"v4"
1064,"h2"
1066,"e1"
1066,"q"
1067,"e1"
1068,"e6"
1068,"h2"
1068,"v4"
1070,"e6"
1070,"q"
1071,"e5"
1071,"v4"
1072,"e5"
1072,"v4"
1073,"e1"
1073,"m"
1074,"e6"
1074,"v4"
1075,"e6"
1075,"v4"
1076,"e6"
1076,"v4"
1076,"q"
1077,"e2"
1077,"v2"
1077,"h2"
1077,"q"
1078,"e1"
1078,"m"
1078,"r2"
1080,"e1"
1080,"m"
1080,"r4"
1083,"r2"
1083,"m"
1083,"p2"
1083,"e1"
1084,"r4"
1084,"m"
1084,"e1"
1086,"h2"
1086,"v1"
1086,"e6"
1087,"v4"
1087,"e5"
1088,"h3"
1088,"e6"
1089,"v4"
1089,"e5"
1089,"h3"
1090,"e2"
1090,"q"
1091,"e5"
1091,"v4"
1091,"h3"
1092,"e6"
1092,"v4"
1093,"e6"
1093,"v4"
1093,"h3"
1094,"e6"
1094,"v4"
1094,"h2"
1095,"e6"
1095,"v4"
1095,"h3"
1096,"v4"
1096,"e6"
1096,"h2"
1097,"e1"
1098,"e2"
1099,"e6"
1099,"v4"
1099,"h3"
1099,"q"
1099,"nt"
1100,"e6"
1100,"h2"
1100,"nt"
1101,"e6"
1101,"v4"
1101,"h3"
1101,"nt"
1102,"e6"
1102,"h3"
1102,"nt"
1104,"e2"
1104,"nt"
1104,"q"
1105,"e1"
1105,"h3"
1105,"q"
1106,"e1"
1106,"h3"
1106,"q"
1106,"o3"
1108,"e6"
1108,"v3"
1109,"e2"
1109,"v2"
1109,"q"
1109,"o3"
1112,"e6"
1112,"q"
1112,"h2"
1113,"e1"
1113,"v4"
1113,"h2"
1114,"e1"
1114,"v4"
1115,"e1"
1115,"v4"
1115,"h2"
1117,"e1"
1117,"v4"
1117,"h2"
1119,"e1"
1119,"o2"
1119,"q"
1119,"v2"
1120,"e1"
1121,"e1"
1121,"v4"
1121,"q"
1121,"h3"
1121,"o2"
1123,"e1"
1123,"v4"
1123,"h2"
1123,"q"
1123,"o2"
1124,"e1"
1124,"h4"
1124,"q"
1124,"o2"
1124,"v1"
1125,"e2"
1125,"q"
1126,"e1"
1126,"v3"
1127,"e1"
1127,"r4"
1130,"e1"
1130,"v4"
1130,"h2"
1131,"e1"
1131,"h4"
1131,"q"
1131,"v1"
1132,"e1"
1132,"v4"
1132,"h2"
1132,"o2"
1132,"q"
1133,"e1"
1133,"v2"
1134,"e1"
1134,"v2"
1134,"q"
1134,"o2"
1134,"h2"
1135,"e3"
1135,"t"
1135,"o3"
1136,"e1"
1136,"v2"
1136,"o3"
1136,"q"
1137,"e6"
1137,"v2"
1137,"o3"
1137,"q"
1137,"h2"
1138,"e1"
1138,"v4"
1138,"q"
1138,"o2"
1138,"h3"
1139,"e1"
1139,"v4"
1139,"h3"
1139,"q"
1139,"o2"
1140,"e5"
1140,"v2"
1140,"h3"
1140,"q"
1140,"o2"
1141,"e5"
1141,"v4"
1141,"h3"
1141,"o2"
1141,"q"
1142,"e6"
1142,"v2"
1142,"o4"
1142,"q"
1142,"h2"
1143,"e6"
1143,"v4"
1143,"o2"
1143,"q"
1143,"h3"
1144,"e6"
1144,"v2"
1144,"o2"
1144,"q"
1144,"h4"
1146,"e6"
1146,"v4"
1146,"o2"
1146,"q"
1146,"h3"
1148,"e1"
1148,"v2"
1148,"q"
1148,"h4"
1149,"e6"
1149,"v4"
1149,"q"
1149,"h4"
1151,"e1"
1151,"v4"
1151,"q"
1151,"h2"
1151,"o3"
2527,"e1"
2529,"v4"
2529,"e1"
1154,"e3"
1154,"v2"
1154,"q"
1154,"h3"
1154,"o4"
1159,"e1"
1162,"e1"
1162,"v4"
1164,"e6"
1164,"v4"
1168,"e6"
1168,"v4"
1172,"e6"
1174,"v4"
1174,"e1"
1174,"h2"
1175,"e1"
1176,"e1"
1176,"v1"
1177,"e1"
1177,"h2"
1177,"v4"
2530,"m"
2530,"e1"
2531,"m"
2531,"e1"
1178,"e1"
1178,"q"
1178,"t"
1179,"e1"
1179,"q"
1180,"e1"
1180,"v4"
1180,"h3"
1182,"v4"
1182,"e1"
1182,"t"
1183,"e1"
1183,"h3"
1185,"e1"
1185,"v4"
1185,"h2"
1187,"e1"
1190,"e6"
1190,"h2"
1190,"v4"
1193,"m"
1193,"e1"
1194,"v4"
1194,"e1"
1195,"v4"
1195,"e1"
1196,"e1"
1202,"e1"
2532,"m"
2532,"e1"
1206,"v3"
1206,"e1"
1207,"e1"
1209,"e1"
1211,"e1"
1211,"v4"
1211,"h2"
1213,"e1"
1214,"e1"
1214,"v4"
1215,"e1"
1215,"v4"
1216,"e1"
1216,"v4"
1221,"e1"
1222,"e1"
1222,"r4"
1224,"e1"
1225,"e1"
1226,"e1"
1226,"r4"
1227,"e1"
1227,"t"
2533,"m"
2533,"e1"
1303,"e1"
1303,"v1"
1303,"q"
1304,"e1"
1304,"r2"
1304,"q"
1305,"e1"
1305,"v2"
1305,"q"
1306,"e1"
1306,"q"
1306,"h3"
1307,"e1"
1307,"r4"
1307,"q"
1308,"e1"
1308,"r4"
1308,"q"
1309,"e1"
1310,"e1"
1311,"e1"
1311,"q"
1312,"e1"
1312,"q"
1312,"t"
1313,"e1"
1313,"q"
1313,"t"
1314,"e1"
1314,"q"
1314,"t"
1316,"q"
1316,"t"
1316,"v2"
1316,"e6"
1316,"o2"
1317,"e1"
1317,"m"
1317,"v2"
1317,"p2"
1318,"e1"
1318,"v4"
1318,"q"
1318,"h2"
1319,"e1"
1319,"v2"
1319,"q"
1320,"q"
1320,"v2"
1320,"h3"
1320,"e1"
1321,"e1"
1322,"o3"
1322,"e1"
1322,"v4"
1322,"h2"
1323,"e1"
1323,"v4"
1323,"o2"
1323,"h2"
1325,"e1"
1325,"v4"
1228,"e1"
1228,"r2"
1229,"e1"
1229,"r4"
1230,"e1"
1230,"r2"
1231,"e1"
1231,"r2"
1232,"e1"
1232,"t"
1233,"e1"
1234,"e1"
1235,"e1"
1236,"e1"
1237,"e1"
1237,"r4"
1237,"q"
1238,"e1"
1240,"e1"
1240,"r4"
1241,"e1"
1241,"q"
1242,"e1"
1242,"r3"
1243,"e1"
1244,"e1"
1245,"e1"
1245,"r4"
1246,"e1"
1246,"r2"
1247,"e1"
1247,"q"
1248,"e1"
1248,"r2"
1249,"e1"
1250,"e1"
1251,"e1"
1252,"e1"
1252,"r2"
1253,"e1"
1254,"e1"
1254,"q"
1255,"e1"
1255,"r4"
1256,"e1"
1256,"q"
1257,"e1"
1257,"t"
1257,"q"
1258,"e1"
1258,"t"
1259,"e1"
1259,"q"
1260,"e1"
1261,"e1"
1261,"r3"
1262,"e1"
1262,"r4"
1263,"e1"
1263,"r4"
1264,"e1"
1264,"r3"
1265,"e1"
1265,"r4"
1266,"e1"
1266,"r4"
1267,"e1"
1267,"r1"
1268,"e1"
1268,"r4"
1268,"q"
1268,"t"
1269,"e1"
1269,"r3"
1269,"q"
1270,"e1"
1270,"r1"
1270,"q"
1270,"t"
1271,"e1"
1271,"r2"
1271,"q"
1272,"e1"
1272,"r4"
1273,"e1"
1273,"r2"
1274,"e1"
1274,"r2"
1275,"e1"
1275,"r4"
1276,"e1"
1276,"q"
1276,"t"
1277,"r4"
1277,"e1"
1277,"t"
1277,"q"
1478,"e1"
1478,"v4"
1478,"h2"
1479,"e1"
1479,"v1"
1479,"h3"
1480,"e1"
1480,"h4"
1481,"e1"
1481,"h2"
1483,"e1"
1483,"h3"
1483,"v4"
1484,"e1"
1484,"h3"
1486,"e1"
1487,"e1"
1487,"v1"
1487,"h2"
1488,"e6"
1488,"v2"
1488,"q"
1489,"e2"
1489,"t"
1489,"q"
1491,"e4"
1491,"v1"
1491,"h2"
1491,"t"
1492,"e1"
1493,"e1"
1493,"v1"
1493,"h2"
1494,"e5"
1494,"v4"
1494,"h2"
1494,"t"
1494,"o2"
1495,"e1"
1495,"h2"
1495,"v4"
1496,"e1"
1496,"h2"
1496,"t"
1499,"e2"
1499,"v4"
1499,"h2"
1500,"e6"
1500,"v2"
1500,"h2"
1501,"e6"
1501,"h4"
1502,"e2"
1502,"v1"
1502,"t"
1278,"e1"
1278,"r4"
1279,"e1"
1280,"e1"
1282,"e1"
1283,"e1"
1283,"q"
1285,"e1"
1285,"r4"
1287,"e1"
1287,"r4"
1288,"e1"
1288,"r4"
1289,"e1"
1289,"r4"
1289,"t"
1290,"e1"
1291,"e1"
1291,"r4"
1292,"e1"
1293,"e1"
1294,"e1"
1294,"r4"
1295,"e1"
1295,"r4"
1296,"e1"
1297,"e1"
1297,"q"
1298,"e1"
1298,"r2"
1300,"e1"
1300,"r2"
1302,"e1"
1302,"q"
1302,"v1"
1328,"e1"
1329,"e5"
1329,"q"
1329,"t"
1330,"e1"
1330,"q"
1330,"o3"
1330,"v1"
1331,"e1"
1332,"e1"
1333,"e1"
1334,"e1"
1335,"e1"
1336,"e1"
1337,"e4"
1337,"t"
1338,"e1"
1338,"r4"
1339,"e1"
1340,"e1"
1340,"r4"
1340,"nt"
1340,"q"
1341,"e1"
1342,"e1"
1342,"q"
1342,"nt"
1342,"m"
1343,"e1"
1344,"e1"
1344,"t"
1345,"e1"
1345,"t"
1346,"e1"
1347,"e1"
1347,"t"
1348,"e1"
1348,"t"
1349,"e1"
1350,"e1"
1351,"e1"
1352,"e1"
1353,"e1"
1354,"e1"
1355,"e1"
1355,"q"
1355,"nt"
1356,"e1"
1356,"q"
1356,"nt"
1357,"e1"
1357,"q"
1357,"nt"
1357,"o2"
1358,"e1"
1359,"e1"
1360,"e1"
1360,"r3"
1361,"e1"
1361,"r4"
1362,"e1"
1362,"r4"
1362,"q"
1363,"e1"
1363,"h2"
1363,"q"
1364,"e1"
1364,"h3"
1365,"e1"
1366,"h3"
1366,"e1"
1366,"q"
1366,"v1"
1367,"e1"
1367,"h2"
1367,"o2"
1367,"q"
1368,"e1"
1369,"e1"
1370,"e3"
1370,"v3"
1371,"e1"
1371,"v4"
1371,"o2"
1371,"h2"
1372,"e1"
1372,"t"
1372,"nt"
1373,"e5"
1373,"v4"
1373,"o2"
1373,"h2"
1374,"e1"
1375,"e1"
1375,"h4"
1375,"v2"
1376,"e1"
1376,"v1"
1377,"e3"
1377,"v3"
1377,"t"
1378,"e1"
1378,"t"
1378,"h2"
1378,"v4"
1378,"o2"
1379,"e1"
1379,"v2"
1379,"h4"
1380,"e1"
1381,"e1"
1381,"o4"
1382,"e1"
1382,"v4"
1382,"o3"
1383,"e1"
1383,"v4"
1383,"o3"
1384,"e2"
1384,"v3"
1384,"t"
1385,"e1"
1385,"q"
1385,"v1"
1386,"e1"
1386,"v1"
1387,"e1"
1387,"v3"
1388,"e1"
1388,"v1"
1389,"e1"
1389,"v3"
1389,"h4"
1390,"e1"
1390,"v4"
1390,"h4"
1391,"e1"
1391,"q"
1393,"e1"
1393,"nt"
1394,"e1"
1394,"nt"
1394,"o2"
1395,"e1"
1395,"nt"
1396,"e1"
1396,"nt"
1398,"e1"
1398,"v2"
1398,"o2"
1399,"e1"
1399,"o2"
1399,"h2"
1399,"t"
1400,"e1"
1400,"v4"
1401,"e1"
1401,"h2"
1401,"v1"
1402,"e1"
1402,"v4"
1402,"h2"
1402,"t"
1403,"e1"
1403,"v4"
1403,"t"
1403,"h2"
1404,"e1"
1405,"e2"
1405,"v2"
1405,"t"
1405,"h2"
1406,"e1"
1406,"v4"
1407,"e1"
1407,"v4"
1408,"e1"
1408,"h3"
1408,"v2"
1409,"e2"
1409,"h2"
1409,"v2"
1409,"t"
1410,"e1"
1410,"h2"
1410,"v3"
1410,"t"
1411,"e1"
1411,"v1"
1411,"t"
1411,"q"
1412,"e5"
1412,"v1"
1412,"q"
1413,"e1"
1413,"q"
1413,"o3"
1413,"v1"
1413,"h2"
1414,"e1"
1414,"q"
1414,"v3"
1414,"o3"
1414,"h2"
1415,"e1"
1415,"q"
1417,"h2"
1417,"t"
1417,"e1"
1417,"v1"
1418,"v1"
1418,"h2"
1418,"e1"
1419,"v2"
1419,"h2"
1419,"t"
1419,"e1"
1420,"e1"
1420,"v1"
1422,"e1"
1422,"o2"
1422,"v2"
1422,"h2"
1423,"e6"
1423,"o2"
1423,"v4"
1423,"h2"
1424,"e1"
1424,"v4"
1424,"h2"
1424,"t"
1426,"e6"
1426,"v3"
1426,"o2"
1426,"h2"
1427,"e6"
1427,"v2"
1427,"h2"
1428,"e1"
1428,"v2"
1429,"e1"
1429,"v4"
1429,"h3"
1429,"o2"
1430,"e1"
1430,"v3"
1430,"h3"
1430,"o2"
1431,"e1"
1431,"v3"
1431,"h3"
1432,"e1"
1432,"h2"
1433,"e1"
1433,"v4"
1433,"o2"
1434,"e1"
1434,"h2"
1435,"e1"
1435,"h2"
1435,"o2"
1436,"e1"
1436,"r3"
1437,"e6"
1437,"o2"
1437,"v4"
1437,"h2"
1438,"e6"
1438,"o2"
1438,"v4"
1438,"h2"
1439,"e6"
1439,"h4"
1439,"r2"
1440,"e6"
1440,"v4"
1440,"h2"
1441,"e6"
1441,"v4"
1441,"h2"
1442,"e1"
1442,"v4"
1443,"e1"
1443,"v4"
1444,"e6"
1444,"h2"
1445,"e6"
1445,"h2"
1445,"v4"
1445,"o2"
1446,"e1"
1447,"e1"
1447,"h2"
1447,"r2"
1447,"t"
1448,"e1"
1448,"h2"
1449,"e1"
1449,"o4"
1449,"v3"
1449,"q"
1450,"e1"
1450,"o2"
1450,"v3"
1450,"q"
1451,"q"
1451,"nt"
1451,"e1"
1452,"e2"
1452,"q"
1453,"e6"
1453,"q"
1453,"t"
1456,"e6"
1456,"q"
1456,"h2"
1456,"o3"
1457,"e6"
1457,"q"
1457,"nt"
1458,"e1"
1460,"e1"
1461,"q"
1461,"e3"
1462,"e4"
1462,"v1"
1462,"t"
1463,"e3"
1463,"v4"
1464,"e1"
1464,"v2"
1465,"e6"
1465,"o2"
1465,"v4"
1466,"e1"
1466,"h4"
1466,"v1"
1467,"e6"
1467,"h3"
1467,"v1"
1468,"e6"
1468,"v4"
1468,"o2"
1469,"e6"
1469,"v1"
1470,"e6"
1470,"v4"
1471,"e6"
1471,"v2"
1471,"o2"
1471,"h4"
1472,"e1"
1473,"e1"
1473,"v1"
1473,"h3"
1474,"e6"
1474,"v1"
1474,"h2"
1474,"t"
1475,"e1"
1475,"h3"
1476,"e1"
1476,"h3"
1476,"v1"
1476,"t"
1477,"e1"
1477,"v3"
1477,"h2"
1553,"e1"
1553,"t"
1554,"e1"
1555,"e1"
1556,"e1"
1556,"q"
1557,"e1"
1557,"q"
1558,"e1"
1558,"q"
1560,"e1"
1560,"q"
1560,"h3"
1561,"e1"
1561,"q"
1561,"h3"
1562,"e1"
1563,"e1"
1563,"q"
1563,"h2"
1564,"e1"
1564,"q"
1564,"h2"
1565,"e1"
1565,"q"
1566,"e1"
1566,"q"
1567,"e1"
1567,"q"
1568,"e1"
1568,"q"
1569,"e1"
1569,"v1"
1570,"e1"
1570,"v4"
1570,"h2"
1570,"o3"
1571,"e1"
1571,"v4"
1571,"h2"
1571,"o3"
1572,"e1"
1572,"v4"
1572,"h3"
1573,"e1"
1573,"v4"
1573,"h2"
1573,"o3"
1574,"e1"
1574,"v3"
1574,"h2"
1575,"e6"
1575,"v1"
1575,"q"
1575,"nt"
1576,"e1"
1576,"v4"
1576,"o2"
1576,"h2"
1577,"e1"
1578,"e1"
1578,"v1"
1578,"t"
1578,"q"
1579,"e1"
1579,"v1"
1579,"q"
1580,"e2"
1580,"q"
1581,"e6"
1581,"v4"
1581,"o3"
1581,"h2"
1582,"e6"
1582,"v4"
1582,"o3"
1582,"h2"
1583,"e5"
1583,"v4"
1583,"h2"
1583,"t"
1584,"e1"
1584,"v2"
1584,"q"
1585,"e3"
1585,"v3"
1585,"q"
1585,"h2"
1586,"e1"
1586,"v4"
1586,"o2"
1587,"e1"
1587,"v4"
1587,"o2"
1588,"e1"
1588,"v1"
1589,"e1"
1590,"e1"
1590,"nt"
1590,"q"
1591,"e1"
1591,"nt"
1591,"q"
1592,"p4"
1592,"r1"
1592,"e1"
1593,"p4"
1593,"e1"
1597,"v2"
1597,"e6"
1598,"v2"
1598,"e6"
1599,"v4"
1599,"e6"
1600,"v4"
1600,"e6"
1601,"v4"
1601,"e6"
1602,"v4"
1602,"e6"
1603,"v4"
1603,"e6"
1604,"v2"
1604,"e5"
1605,"v4"
1605,"e5"
1606,"e6"
1606,"v2"
1606,"h3"
1606,"o3"
1606,"q"
1608,"e6"
1608,"v4"
1608,"o4"
1608,"q"
1609,"e1"
1609,"v2"
1609,"q"
1610,"e6"
1610,"v4"
1611,"e6"
1611,"q"
1611,"o3"
1612,"e6"
1612,"v4"
1612,"h2"
1613,"e6"
1613,"v4"
1613,"h2"
1616,"e6"
1616,"v4"
1616,"h2"
1617,"m"
1617,"e1"
1617,"p2"
1618,"m"
1618,"e1"
1618,"p2"
1619,"e6"
1619,"q"
1619,"h2"
1620,"e6"
1620,"h3"
1620,"v4"
1621,"e1"
1621,"q"
1622,"e3"
1622,"q"
1623,"e1"
1623,"v4"
1623,"t"
1623,"h3"
1624,"e1"
1624,"v2"
1624,"q"
1624,"h2"
1625,"e2"
1625,"v2"
1626,"e1"
1626,"v4"
1626,"h2"
1626,"t"
1627,"e1"
1627,"v3"
1627,"h3"
1627,"o3"
1627,"q"
2534,"m"
2534,"e1"
1628,"e1"
1628,"v1"
1628,"q"
1629,"e1"
1629,"v1"
1629,"q"
1629,"o2"
1630,"e1"
1630,"v4"
1631,"e2"
1631,"v2"
1631,"q"
1631,"o2"
1632,"e1"
1632,"v4"
1632,"q"
1632,"h3"
1633,"e1"
1633,"v1"
1633,"q"
1634,"e1"
1634,"v2"
1634,"o2"
1634,"q"
1635,"e1"
1635,"v1"
1635,"q"
1635,"h2"
1636,"e2"
1636,"q"
1636,"v1"
1637,"e1"
1637,"v4"
1637,"q"
1637,"o2"
1638,"e1"
1638,"q"
1638,"v1"
1639,"e1"
1639,"q"
1639,"v1"
1639,"t"
1640,"e2"
1640,"q"
1640,"t"
1641,"e1"
1641,"q"
1642,"e1"
1642,"q"
1643,"e1"
1643,"q"
1643,"t"
1644,"e1"
1644,"q"
1645,"e1"
1645,"q"
1646,"e1"
1646,"q"
1646,"t"
1647,"e1"
1647,"q"
1647,"t"
1647,"v1"
1648,"e1"
1648,"q"
1648,"h2"
1649,"e1"
1650,"e3"
1650,"o3"
1650,"v1"
1650,"q"
1651,"e2"
1651,"o2"
1651,"v1"
1651,"q"
1652,"e4"
1652,"v2"
1652,"q"
1652,"t"
1653,"e1"
1653,"q"
1653,"h2"
1654,"e2"
1654,"q"
1654,"v1"
1655,"e4"
1655,"q"
1655,"v1"
1655,"t"
1656,"e2"
1656,"q"
1656,"o3"
1657,"e1"
1658,"e2"
1658,"q"
1659,"e2"
1659,"q"
1659,"nt"
1660,"e2"
1660,"q"
1661,"e1"
1661,"nt"
1662,"e1"
1662,"q"
1662,"t"
1663,"e2"
1663,"q"
1664,"e1"
1664,"q"
1665,"e1"
1665,"nt"
1666,"e1"
1666,"t"
1667,"e1"
1667,"q"
1667,"nt"
1668,"e1"
1668,"q"
1669,"e1"
1669,"q"
1669,"o3"
1670,"e2"
1670,"q"
1670,"o2"
1670,"t"
1671,"e1"
1671,"q"
1671,"t"
1672,"e1"
1673,"e1"
1677,"v2"
1677,"t"
1677,"e1"
1803,"e1"
1803,"v2"
1803,"p2"
1804,"h2"
1804,"o3"
1804,"q"
1804,"e1"
1806,"h2"
1806,"e1"
1806,"v3"
1807,"e1"
1807,"v4"
1808,"e6"
1808,"v4"
1809,"e6"
1809,"h2"
1809,"v4"
1810,"p2"
1810,"e1"
1813,"e1"
1813,"h2"
1813,"v4"
1813,"o2"
1815,"e1"
1819,"e1"
1819,"h2"
1819,"o2"
1819,"v4"
1822,"e1"
1822,"v3"
1822,"h2"
1822,"p4"
1823,"e1"
1823,"p3"
1824,"e1"
1824,"p4"
1826,"e1"
1826,"v4"
1827,"e1"
1827,"v4"
1828,"e4"
1828,"v4"
1831,"e1"
1831,"v2"
1832,"e4"
1832,"v2"
1833,"e5"
1833,"v4"
1834,"e5"
1834,"v2"
1835,"e4"
1835,"v2"
1836,"v4"
1836,"e5"
1837,"o2"
1837,"e5"
1838,"p3"
1838,"v4"
1838,"e1"
1839,"v4"
1839,"e6"
1840,"v4"
1840,"e5"
1842,"v2"
1842,"e1"
1843,"v2"
1843,"e4"
1845,"v4"
1845,"e6"
1846,"v2"
1846,"p4"
1846,"e1"
1847,"v4"
1847,"e6"
1852,"e4"
1852,"v2"
1853,"e4"
1853,"v4"
1855,"b3"
1855,"e1"
1856,"p4"
1856,"e1"
1857,"b2"
1857,"v4"
1857,"e1"
1858,"v4"
1858,"e6"
1860,"e6"
1860,"v2"
1860,"h2"
1860,"p4"
1861,"e5"
1861,"v1"
1863,"e6"
1863,"v3"
1864,"e1"
1864,"r2"
1864,"p2"
1866,"e1"
1866,"v4"
1866,"p2"
1867,"e6"
1867,"v4"
1867,"p2"
1868,"e6"
1868,"v4"
1869,"e1"
1869,"v4"
1869,"p3"
1869,"t"
1870,"e1"
1870,"v1"
1871,"e1"
1871,"o2"
1871,"v2"
1871,"p2"
1872,"e1"
1872,"v4"
1873,"e1"
1873,"v3"
1876,"e5"
1876,"v4"
1877,"e6"
1877,"v4"
2481,"e1"
2481,"v4"
2483,"e1"
2483,"v4"
2485,"v4"
2485,"e1"
2486,"v4"
2486,"e6"
2487,"e1"
2487,"v2"
2488,"v4"
2488,"e1"
2489,"e1"
2491,"e6"
2491,"v1"
2492,"v4"
2492,"e1"
2493,"e1"
2494,"v4"
2494,"e1"
2495,"e1"
2495,"v2"
2495,"t"
2496,"e1"
2497,"nt"
2497,"o3"
2497,"v1"
2497,"e1"
2499,"e6"
2499,"v2"
2499,"t"
2500,"e1"
2500,"v4"
1503,"e6"
1503,"v3"
1503,"h3"
1503,"t"
1504,"e6"
1504,"v3"
1504,"h3"
1505,"e6"
1505,"v3"
1505,"h3"
1506,"e6"
1506,"v3"
1506,"h2"
1506,"t"
1507,"e6"
1507,"v1"
1507,"h2"
1507,"t"
1508,"e5"
1508,"v4"
1509,"e5"
1509,"v4"
1509,"h2"
1510,"e5"
1510,"v4"
1510,"h3"
1511,"e5"
1511,"v4"
1511,"h3"
1512,"e2"
1512,"t"
1512,"v1"
1513,"e2"
1513,"t"
1513,"nt"
1515,"e1"
1518,"e1"
1519,"e1"
1520,"e1"
1521,"e2"
1521,"nt"
1522,"e1"
1523,"e5"
1523,"h2"
1523,"v4"
1524,"e5"
1524,"v4"
1525,"e5"
1525,"v1"
1525,"h2"
1526,"e1"
1526,"h2"
1527,"e1"
1527,"v4"
1527,"q"
1528,"e1"
1528,"v3"
1528,"t"
1528,"h2"
1529,"e1"
1529,"h2"
1530,"e1"
1531,"e1"
1531,"h2"
1532,"e1"
1532,"h2"
1532,"v3"
1533,"e1"
1533,"v1"
1534,"e1"
1534,"v4"
1534,"h2"
1534,"t"
1535,"e1"
1535,"v4"
1535,"h2"
1536,"e2"
1536,"v1"
1536,"t"
1537,"e1"
1537,"v1"
1538,"e1"
1538,"v2"
1539,"e1"
1539,"nt"
1541,"e1"
1541,"q"
1542,"nt"
1542,"e1"
1542,"v2"
1543,"e1"
1543,"q"
1544,"e1"
1544,"q"
1544,"h3"
1544,"v4"
1545,"e1"
1545,"v1"
1546,"e6"
1546,"v2"
1546,"h3"
1547,"e1"
1548,"e1"
1548,"v4"
1548,"h2"
1548,"q"
1549,"e1"
1549,"h4"
1550,"e5"
1550,"v4"
1552,"e1"
1552,"t"
1552,"nt"
1680,"e2"
1680,"o2"
1681,"e1"
1682,"e1"
1683,"v4"
1683,"e1"
1683,"h2"
1684,"e1"
1684,"v4"
1684,"h2"
1685,"e1"
1686,"t"
1686,"e1"
1686,"h2"
1686,"v3"
1687,"p2"
1687,"e1"
1688,"e6"
1688,"v3"
1693,"e5"
1693,"y2"
1693,"v2"
1697,"v4"
1697,"e1"
1698,"p3"
1698,"e1"
1698,"v3"
1700,"e1"
1700,"v1"
1704,"v4"
1704,"e1"
1706,"v2"
1706,"e1"
1707,"v3"
1707,"e1"
1708,"e1"
1709,"e1"
1709,"p2"
1709,"v2"
1709,"m"
1711,"e1"
1711,"m"
1714,"t"
1714,"e1"
1715,"t"
1715,"e1"
1715,"v1"
1715,"y3"
1718,"e6"
1718,"v2"
1721,"e6"
1721,"v4"
1722,"o2"
1722,"v4"
1722,"h2"
1722,"e6"
1723,"e1"
1723,"h2"
1723,"o2"
1724,"e1"
1724,"m"
1724,"p2"
1724,"o2"
1724,"q"
1724,"y1"
1725,"e1"
1726,"y1"
1726,"v3"
1726,"e1"
1727,"e1"
1728,"e1"
1729,"q"
1729,"e1"
1730,"e1"
1730,"q"
1730,"o2"
1731,"e1"
1732,"e1"
1733,"e1"
1733,"v1"
1733,"q"
1733,"t"
1734,"e1"
1734,"t"
1735,"e1"
1736,"e1"
1737,"e1"
1740,"e1"
1740,"v4"
1740,"h2"
1741,"e1"
1742,"e1"
1743,"e1"
1744,"e2"
1744,"o2"
1744,"t"
1745,"e3"
1745,"q"
1745,"t"
1746,"q"
1746,"e3"
1746,"t"
1747,"q"
1747,"e1"
1747,"h2"
1748,"e1"
1749,"e1"
1749,"v2"
1749,"t"
1751,"q"
1751,"o2"
1751,"e1"
1751,"v1"
1752,"e1"
1752,"m"
1753,"e1"
1753,"v2"
1753,"q"
1753,"t"
1753,"o2"
1754,"q"
1754,"e6"
1754,"v2"
1754,"o2"
1757,"t"
1757,"e1"
1758,"q"
1758,"e1"
1758,"v1"
1760,"e1"
1760,"q"
1760,"v4"
1760,"o2"
1761,"e1"
1761,"q"
1761,"o2"
1761,"v3"
1762,"p4"
1762,"v3"
1762,"e1"
1765,"p3"
1765,"e1"
1766,"p4"
1766,"e1"
1767,"p4"
1767,"v2"
1767,"e1"
1768,"r3"
1768,"h2"
1768,"p2"
1768,"e1"
1769,"p2"
1769,"v2"
1769,"h2"
1769,"e1"
1770,"h4"
1770,"e1"
1771,"p4"
1771,"v2"
1771,"e1"
1773,"p4"
1773,"v4"
1773,"e1"
1774,"p3"
1774,"v2"
1774,"e1"
1775,"v4"
1775,"p4"
1775,"e1"
1776,"e1"
1777,"e1"
1778,"e1"
1779,"v2"
1779,"e1"
1780,"e1"
1781,"e1"
1784,"e1"
1785,"p2"
1785,"e1"
1786,"p4"
1786,"e1"
1787,"p3"
1787,"e1"
1788,"p3"
1788,"e1"
1789,"v4"
1789,"e1"
1790,"p3"
1790,"r3"
1790,"e1"
1791,"e1"
1792,"e1"
1793,"p4"
1793,"e1"
1794,"p4"
1794,"e1"
1796,"e1"
1796,"v2"
1796,"h2"
1796,"p3"
1797,"e1"
1800,"v1"
1800,"e6"
1800,"h2"
1801,"r1"
1801,"e1"
1802,"v4"
1802,"e6"
1802,"h2"
1878,"e1"
1878,"o2"
1878,"v3"
1878,"h2"
1878,"t"
1878,"q"
1882,"e5"
1882,"v1"
1883,"e5"
1883,"v1"
1884,"e6"
1884,"v4"
1885,"e6"
1885,"v3"
1887,"e4"
1887,"v1"
1888,"e5"
1888,"v4"
1889,"e6"
1889,"v4"
1890,"e6"
1890,"v1"
1891,"e6"
1891,"v4"
1892,"e6"
1892,"v4"
1893,"e6"
1893,"v4"
1894,"e5"
1894,"v4"
1897,"e6"
1897,"v4"
1899,"e6"
1899,"v4"
1901,"e1"
1901,"v1"
1901,"q"
1902,"e1"
1902,"v1"
1902,"q"
2510,"m"
2510,"e1"
2511,"m"
2511,"e1"
2512,"m"
2512,"e1"
2513,"e2"
2513,"nt"
2514,"e2"
2514,"nt"
2515,"e5"
2515,"h3"
2515,"v2"
2516,"e1"
2516,"m"
2517,"e1"
2517,"v2"
2518,"e1"
2518,"v4"
2518,"o2"
2518,"h2"
2519,"m"
2519,"e1"
2520,"e1"
2520,"v4"
2521,"e1"
2521,"v4"
2522,"e6"
2522,"v4"
2523,"e1"
2523,"p2"
2523,"v1"
1903,"e6"
1903,"v2"
1903,"q"
1903,"o2"
1904,"e1"
1904,"v1"
1905,"e6"
1905,"v3"
1905,"h3"
1906,"e6"
1906,"v4"
1906,"h2"
1907,"e1"
1907,"h4"
1907,"r2"
1908,"e6"
1908,"h2"
1908,"v2"
1909,"e6"
1909,"v4"
1909,"h3"
1910,"e6"
1910,"v4"
1912,"e6"
1912,"v2"
1913,"e6"
1913,"v4"
1914,"v4"
1914,"e6"
1915,"e6"
1915,"v2"
1916,"e6"
1916,"v4"
1916,"h2"
1917,"e6"
1917,"v4"
1918,"v2"
1918,"e6"
1920,"e6"
1920,"h2"
1921,"e6"
1921,"v4"
1922,"e6"
1922,"o2"
1923,"e6"
1923,"v4"
1923,"h2"
1924,"e6"
1924,"r2"
1924,"h2"
1925,"e6"
1925,"v4"
1926,"e6"
1926,"v4"
1927,"e6"
1927,"v4"
1927,"h2"
1928,"e6"
1928,"v2"
1929,"e1"
1929,"p2"
1929,"m"
1930,"e6"
1930,"v4"
1930,"h2"
1931,"e6"
1931,"v2"
1931,"h3"
1932,"e1"
1932,"v2"
1932,"p2"
1932,"o2"
1933,"e1"
1933,"o2"
1933,"h2"
1933,"v4"
1934,"e6"
1934,"v4"
1936,"v4"
1936,"e6"
1939,"e6"
1939,"v2"
1940,"v4"
1940,"e1"
1940,"m"
1941,"e5"
1941,"q"
1942,"e1"
1942,"v2"
1942,"q"
1942,"o3"
1943,"e1"
1944,"e1"
1944,"v4"
1945,"e1"
1945,"v4"
1945,"h2"
1945,"o2"
1946,"e1"
1946,"v4"
1947,"e1"
1947,"v2"
1947,"h2"
1947,"o2"
1948,"e1"
1948,"v3"
1949,"e1"
1949,"v4"
1949,"o3"
1949,"q"
1949,"h2"
1950,"e1"
1950,"v2"
1950,"q"
1950,"h2"
1950,"o3"
1951,"e1"
1951,"v4"
1952,"v2"
1952,"e1"
1953,"e1"
1953,"h3"
1953,"o2"
1955,"q"
1955,"v3"
1955,"e1"
1956,"e1"
1957,"e1"
1958,"e1"
1959,"v4"
1959,"e1"
1964,"v4"
1964,"e1"
1972,"e6"
1972,"v2"
1974,"v2"
1974,"e1"
1996,"e1"
1996,"p2"
1997,"o2"
1997,"e1"
1999,"v1"
1999,"e6"
2006,"e1"
2007,"e6"
2007,"v4"
2009,"v3"
2009,"e1"
2009,"y1"
2010,"e6"
2010,"v4"
2012,"e6"
2012,"v2"
2013,"e6"
2013,"v1"
2014,"e1"
2014,"v4"
2015,"e1"
2016,"e1"
2016,"v4"
2017,"v2"
2017,"e6"
2018,"e1"
2018,"v4"
2019,"v4"
2019,"e1"
2021,"y2"
2021,"e5"
2022,"e1"
2022,"v4"
2025,"v4"
2025,"e1"
2026,"e1"
2026,"v2"
2026,"p3"
2029,"e1"
2029,"v4"
2033,"e1"
2033,"v2"
2033,"p3"
2034,"e5"
2034,"v2"
2035,"e5"
2035,"v1"
2037,"v4"
2037,"e1"
2038,"v4"
2038,"e1"
2039,"e6"
2039,"v2"
2040,"e1"
2040,"o2"
2042,"e5"
2042,"v3"
2044,"v4"
2044,"e1"
2046,"e1"
2046,"v4"
2048,"v2"
2048,"e5"
2049,"e1"
2049,"v2"
2049,"p2"
2051,"y2"
2051,"e5"
2051,"v3"
2053,"e6"
2053,"v2"
2054,"e1"
2055,"e1"
2055,"v3"
2055,"p2"
2056,"e1"
2056,"v2"
2058,"e5"
2058,"v4"
2075,"v4"
2075,"e1"
2077,"v4"
2077,"e1"
2130,"t"
2130,"v3"
2130,"h2"
2130,"e2"
2131,"e1"
2131,"v4"
2134,"e1"
2134,"v4"
2136,"e6"
2136,"v4"
2138,"e6"
2138,"v4"
2140,"e1"
2140,"p2"
2140,"v3"
2140,"m"
2141,"e1"
2141,"v4"
2143,"r4"
2143,"e1"
2144,"e1"
2144,"v4"
2145,"e1"
2147,"v2"
2147,"h3"
2147,"e1"
2147,"q"
2149,"v4"
2149,"e1"
2150,"h2"
2150,"e1"
2150,"v2"
2150,"m"
2152,"v4"
2152,"e1"
2152,"h2"
2079,"e1"
2080,"e6"
2080,"v4"
2081,"e1"
2081,"v3"
2084,"m"
2084,"p4"
2084,"e1"
2084,"v1"
2085,"e1"
2085,"v3"
2086,"e1"
2086,"v4"
2088,"e1"
2089,"e1"
2089,"v4"
2090,"m"
2090,"e1"
2090,"v3"
2090,"p3"
2092,"e1"
2092,"v4"
2095,"e1"
2095,"o2"
2098,"e1"
2098,"v4"
2099,"e1"
2100,"e1"
2101,"e1"
2103,"m"
2103,"e1"
2103,"v4"
2103,"h2"
2104,"e1"
2107,"e1"
2107,"v2"
2107,"q"
2107,"h2"
2108,"e1"
2108,"v4"
2108,"q"
2108,"h2"
2109,"e1"
2109,"o2"
2110,"h3"
2110,"e1"
2110,"v2"
2111,"h2"
2111,"v2"
2111,"e1"
2111,"t"
2111,"q"
2112,"e1"
2113,"e1"
2114,"e1"
2114,"v2"
2114,"m"
2115,"v4"
2115,"e1"
2115,"h3"
2117,"v4"
2117,"e6"
2117,"h2"
2117,"q"
2117,"t"
2118,"e1"
2118,"v4"
2118,"h4"
2119,"v4"
2119,"e1"
2121,"e1"
2121,"v4"
2122,"e1"
2122,"v4"
2123,"e1"
2123,"v4"
2153,"e1"
2153,"p2"
2153,"v2"
2154,"v4"
2154,"e6"
2154,"q"
2155,"q"
2155,"e6"
2156,"q"
2156,"e6"
2156,"v4"
2166,"v1"
2166,"e1"
2181,"v1"
2181,"e1"
2185,"v2"
2185,"e1"
2187,"e1"
2187,"v4"
2195,"e6"
2195,"v4"
2195,"y2"
2197,"p2"
2197,"e1"
2199,"v4"
2199,"e1"
2199,"y1"
2200,"v2"
2200,"y2"
2200,"e5"
2209,"e4"
2209,"v1"
2209,"y2"
2214,"e1"
2214,"v1"
2214,"p2"
2215,"e5"
2216,"e6"
2216,"v2"
2217,"e1"
2217,"v2"
2218,"v2"
2218,"e6"
2219,"v4"
2219,"e6"
2222,"e1"
2222,"v3"
2222,"p2"
2223,"e6"
2223,"v4"
2224,"v4"
2224,"e1"
2225,"v1"
2225,"e5"
2226,"e1"
2226,"v4"
2226,"h2"
2229,"v3"
2229,"e6"
2231,"v3"
2231,"e1"
2232,"v1"
2232,"e1"
2233,"e1"
2233,"v1"
2234,"e5"
2234,"v2"
2235,"e1"
2236,"e1"
2236,"v4"
2238,"v2"
2238,"e1"
2239,"e1"
2240,"e1"
2240,"v4"
2241,"e6"
2241,"v2"
2243,"v4"
2243,"e1"
2245,"v2"
2245,"e1"
2245,"p2"
2246,"v4"
2246,"e1"
2248,"v2"
2248,"e5"
2248,"y1"
2249,"e1"
2249,"v4"
2250,"e1"
2250,"v1"
2251,"e1"
2251,"v3"
2261,"e1"
2261,"y3"
2261,"t"
2262,"e1"
2262,"v3"
2262,"t"
2263,"e1"
2263,"v4"
2264,"e1"
2265,"q"
2265,"o2"
2265,"nt"
2265,"e1"
2267,"e1"
2267,"v4"
2267,"o3"
2267,"q"
2268,"e1"
2268,"v4"
2269,"e1"
2270,"v4"
2270,"e1"
2271,"e1"
2271,"v4"
2275,"v4"
2275,"e1"
2275,"h2"
2276,"e1"
2276,"v4"
2278,"v4"
2278,"e1"
2280,"e1"
2280,"v3"
2280,"h2"
2282,"e1"
2282,"v3"
2282,"o2"
2282,"q"
2283,"e1"
2283,"v4"
2284,"v2"
2284,"t"
2284,"e1"
2284,"h3"
2291,"v3"
2291,"e1"
2292,"e1"
2293,"e1"
2294,"e1"
2296,"e1"
2297,"e1"
2299,"e1"
2300,"e1"
2302,"e1"
2303,"e1"
2306,"e1"
2306,"v1"
2310,"e1"
2311,"p3"
2311,"e1"
2312,"e1"
2313,"p4"
2313,"v2"
2313,"e1"
2314,"v4"
2314,"p4"
2314,"e1"
2315,"e1"
2316,"v3"
2316,"e1"
2317,"p2"
2317,"e1"
2318,"v3"
2318,"e1"
2319,"h3"
2319,"e1"
2320,"v2"
2320,"e1"
2321,"e1"
2322,"e1"
2323,"v2"
2323,"e1"
2325,"v3"
2325,"e1"
2327,"e1"
2327,"v4"
2333,"e1"
2333,"v4"
2335,"e1"
2335,"v4"
2352,"y2"
2352,"v1"
2352,"e5"
2354,"e1"
2354,"v4"
2355,"e6"
2355,"v2"
2356,"v4"
2356,"e6"
2361,"e1"
2361,"v4"
2363,"e1"
2363,"v2"
2377,"e1"
2377,"v4"
2380,"v4"
2380,"e1"
2381,"v4"
2381,"e1"
2384,"v4"
2384,"e1"
2385,"v4"
2385,"e1"
2386,"v4"
2386,"e1"
2389,"e1"
2389,"v3"
2392,"v4"
2392,"e1"
2394,"v3"
2394,"e1"
2396,"e1"
2396,"v4"
2400,"e1"
2402,"e1"
2402,"v4"
2409,"v4"
2409,"e1"
2410,"v4"
2410,"e1"
2411,"v4"
2411,"e1"
2417,"e6"
2417,"v1"
2420,"e1"
2420,"v3"
2431,"e1"
2431,"v4"
2436,"e6"
2436,"v2"
2437,"e1"
2437,"v4"
2438,"e1"
2438,"v4"
2439,"e1"
2439,"v4"
2441,"e1"
2441,"v4"
2442,"e1"
2442,"v4"
2446,"e1"
2446,"v4"
2447,"e1"
2447,"v2"
2454,"e1"
2454,"v4"
2455,"e1"
2455,"v2"
2455,"q"
2458,"e1"
2458,"v3"
2458,"q"
2459,"e1"
2459,"v2"
2462,"e1"
2462,"v4"
2463,"e6"
2463,"v3"
2464,"e1"
2464,"v4"
2466,"e1"
2466,"v4"
2467,"e1"
2467,"v4"
2476,"e1"
2476,"v4"
