Locatie,Vegetatietype,Bedekking,Bedekking_num
1,"33-1","d",90
1,"16-1","l",10
2,"50A-1","d",100
3,"32-6","d",90
3,"32B-1","l",10
4,"32-6","l",10
4,"38A-1","d",90
5,"50A-1","d",100
6,"32-6","d",100
7,"08-3","d",100
8,"32-6","l",10
8,"38A-1","d",90
9,"32-2","d",100
10,"32-4","d",100
11,"08-5","d",100
13,"08-5","d",90
13,"32-6","l",10
14,"08-5","d",90
14,"32-7","l",10
15,"32-4","l",10
15,"08-5","d",80
15,"32-6","l",10
16,"08-2","d",90
16,"50A-1","l",10
17,"08-2","d",90
17,"50A-1","l",10
18,"08-5","d",90
18,"32-7","l",10
19,"32-4","d",90
19,"32-6","l",10
20,"08-5","c",40
20,"32-6","h",60
21,"08-5","d",90
21,"32-7","l",10
22,"08-5","d",100
23,"50A-1","d",100
24,"16-1","d",100
25,"08-5","d",100
26,"16-13","d",90
26,"32-6","l",10
27,"08B3-4","l",10
27,"32-6","d",90
28,"16-5","d",90
28,"16-13","l",10
29,"32-4","l",10
29,"16-5","d",90
30,"32-4","l",10
30,"08-5","d",90
31,"32-4","d",100
32,"08-5","d",100
33,"32-4","d",100
34,"50A-1","d",100
35,"16-11","l",10
35,"08-6","d",90
36,"16-1","d",100
37,"08-6","l",10
37,"08B3-4","d",90
39,"08B3-4","d",100
40,"16-11","l",10
40,"08-6","l",10
40,"50A-1","d",80
42,"08-6","d",100
43,"16-1","d",100
44,"16-11","d",90
44,"08-6","l",10
45,"08B3-4","d",90
45,"32B-1","l",10
46,"16-11","l",10
46,"08-6","d",90
47,"08-6","l",10
47,"08B3-4","d",90
48,"16-1","d",100
49,"08B3-4","d",100
50,"16-5","d",90
50,"08C-2","l",10
51,"50A-1","d",100
52,"50A-1","d",100
53,"16-2","d",100
54,"08B3-4","d",90
54,"08C-11","l",10
55,"50A-1","d",100
56,"08B3-4","d",90
56,"08C-11","l",10
57,"08-6","d",100
58,"16-10","d",100
59,"50A-1","d",100
60,"32-4","d",100
61,"39A-2","d",100
62,"36A2-2","d",90
62,"39A1-1","l",10
63,"32-6","d",100
64,"16B-2","d",100
65,"39A-1","d",100
66,"09A2-2","d",90
66,"09A2-8","l",10
67,"09A2-2","l",10
67,"09A2-8","d",90
68,"40A-1","l",10
68,"39A-1","d",80
68,"09A2-8","l",10
69,"09A2-1","d",90
69,"09A2-6","l",10
70,"08-5","l",10
70,"09A2-6","d",90
71,"08B3-3","d",100
72,"16-5","d",100
73,"01A2-1","d",100
74,"16-5","d",100
76,"36A2-2","d",100
77,"09A2-1","d",100
78,"40A-1","d",100
79,"09A2-2","l",10
79,"09A2-8","d",90
81,"09A2-2","d",100
82,"09A2-2","l",10
82,"09-13","l",10
82,"09A2-8","d",80
83,"09A2-5","d",89
83,"08C-9","l",11
84,"09-13","l",10
84,"08C-12","d",90
85,"08B3-3","d",87
85,"09A2-6","z",3
85,"08C-11","l",10
86,"39A-1","l",10
86,"39A-2","d",90
87,"09A2-1","d",90
87,"09A2-6","l",10
88,"08B3-4","d",90
88,"08C-12","l",10
89,"09A2-6","d",100
90,"08B3-3","l",10
90,"09-13","d",90
91,"39A-2","d",100
92,"08B3-3","l",10
92,"08C-12","d",90
93,"08C-8","l",10
93,"08-2","l",10
93,"50A-1","d",80
94,"08C-8","l",10
94,"08-2","l",10
94,"50A-1","d",80
95,"39A1-1","d",100
97,"08C-1","l",10
97,"32-6","d",90
98,"09-13","d",100
99,"39A-2","d",100
100,"39A-2","d",80
100,"36A2-2","l",10
100,"39A1-1","l",10
101,"39A-2","l",10
101,"39A1-1","d",90
102,"39A-2","d",90
102,"39A1-1","l",10
103,"50A-1","d",100
104,"39A-8","d",87
104,"36A2-2","l",10
104,"08C-1","z",3
105,"33-2","l",11
105,"39A1-1","d",89
106,"40A-1","l",10
106,"39A-1","d",90
107,"400-2","c",30
107,"08C-1","h",50
107,"300-1","l",10
107,"01A2-1","l",10
108,"400-3","l",10
108,"300-1","d",90
109,"08C-10","d",100
110,"39A-1","l",10
110,"39A-8","d",80
110,"08C-10","l",10
111,"39A-2","h",48
111,"32-4","l",10
111,"08-5","l",10
111,"50A-1","c",29
111,"01-1","z",3
112,"39A-5","h",60
112,"50A-1","c",40
113,"300-1","d",100
114,"39A-1","l",10
114,"39A-5","d",80
114,"39A1-3","l",10
115,"39A-1","d",90
115,"39A-5","l",10
116,"39A-1","c",40
116,"09A2-6","h",60
117,"39A-1","d",80
117,"36A2-3","l",10
117,"08C-8","l",10
118,"300-1","d",100
119,"300-1","d",90
119,"50A-1","l",10
120,"09A2-1","d",94
120,"09-8","z",3
120,"11B2-4","z",3
121,"300-1","d",90
121,"50A-1","l",10
122,"09A2-1","h",60
122,"09A2-2","c",30
122,"09A2-6","l",10
123,"39A-1","d",80
123,"39A1-3","l",10
123,"36A2-3","l",10
124,"39A-1","l",10
124,"39A1-3","d",90
125,"300-1","d",100
126,"08-5","d",90
126,"32-9","l",10
127,"300-1","d",100
128,"39A1-1","d",100
129,"39A-1","d",100
130,"09A2-6","d",100
131,"09A2-1","l",10
131,"09-10","d",90
132,"39A-1","l",10
132,"39A-2","d",90
133,"09A2-6","d",100
134,"39A-2","d",90
134,"09A2-6","l",10
135,"300-1","d",90
135,"50A-1","l",10
136,"09A2-1","d",90
136,"09A2-2","l",10
137,"09A2-1","d",90
137,"09A2-2","l",10
138,"09A2-2","l",10
138,"09-8","d",90
139,"32-4","l",5
139,"09-12","l",5
139,"08-5","d",85
139,"08C-10","l",5
140,"09A-1","l",10
140,"32-4","l",10
140,"09-12","d",80
141,"09A2-2","d",90
141,"09A2-4","l",10
143,"09A2-2","d",90
143,"09A2-4","l",10
144,"08-7","d",100
145,"09A-1","d",90
145,"09-11","l",10
146,"09A-1","d",100
147,"08-5","l",10
147,"08C-10","d",80
147,"32-9","l",10
148,"08B3-3","l",10
148,"08C2-4","d",90
149,"09A2-2","d",90
149,"09-9","l",10
150,"09A2-1","l",10
150,"09A2-2","d",90
151,"40A-1","z",3
151,"39A-1","d",97
152,"09A2-2","d",97
152,"09A2-4","z",3
153,"09A-1","l",10
153,"32-4","d",80
153,"09-13","l",10
154,"39A1-3","d",100
155,"09A-1","d",100
156,"39A-5","d",90
156,"39A1-3","l",10
157,"40A2-1","d",87
157,"39A-2","l",10
157,"39A-5","z",3
158,"09A-1","l",10
158,"09A2-4","d",90
159,"39A-1","l",10
159,"39A-2","d",90
160,"09A2-1","d",90
160,"09A2-6","l",10
161,"40A2-1","l",10
161,"39A-1","d",90
162,"32-4","d",80
162,"300-1","l",10
162,"39A1-1","l",10
163,"32-4","l",10
163,"08C-1","l",10
163,"08-5","d",80
164,"08C-5","l",10
164,"08B3-3","l",10
164,"50A-1","d",80
165,"39A-1","d",80
165,"39A-2","l",10
165,"39A1-3","l",10
166,"08-5","l",10
166,"08C-10","d",80
166,"32-9","l",10
167,"32-4","c",30
167,"09-11","l",10
167,"16-13","h",60
168,"39A-2","d",90
168,"36A2-2","l",10
169,"09-13","c",30
169,"09A2-6","h",60
169,"08C-10","l",10
170,"08C-10","d",100
171,"08C-10","l",10
171,"32-7","d",90
172,"39A1-3","d",100
173,"09A2-6","d",90
173,"08C-10","l",10
174,"40A-2","l",10
174,"08C-10","d",90
175,"40A-3","c",40
175,"40A-5","h",60
176,"08-5","d",80
176,"08C-10","l",10
176,"32-9","l",10
177,"08-5","l",10
177,"09A2-6","d",90
178,"39A-1","l",10
178,"36A2-3","d",90
179,"09A2-6","d",90
179,"08C-10","l",10
180,"39A-2","l",10
180,"09A2-6","z",3
180,"08C-10","d",87
181,"39A-1","d",80
181,"39A1-3","l",10
181,"33-2","l",10
182,"08C-1","l",10
182,"09A2-6","d",90
183,"09A2-6","d",100
185,"05B3-1","d",100
187,"39A1-3","l",10
187,"32-4","l",10
187,"08C-10","d",80
188,"09A2-1","l",10
188,"09A2-2","d",77
188,"09-8","z",3
188,"08B3-3","l",10
189,"09-13","h",60
189,"32-9","c",40
190,"09A2-2","d",100
191,"09A2-2","d",90
191,"32-9","l",10
192,"08C-9","d",80
192,"08C-11","l",10
192,"01-1","l",10
194,"09A2-2","h",60
194,"09A2-5","c",40
195,"09A2-2","d",90
195,"09-9","l",10
196,"09A2-1","d",100
198,"50A-1","d",90
198,"01-1","l",10
199,"09A2-2","l",10
199,"08C-9","d",90
200,"09A2-2","d",100
201,"32-8","d",100
202,"32-9","d",100
203,"39A-4","d",80
203,"39A-5","l",10
203,"32-6","l",10
204,"36A2-2","l",10
204,"32-10","c",30
204,"39A1-1","h",60
205,"08-2","d",100
206,"39A1-2","z",3
206,"08C-9","d",87
206,"08C-11","l",10
207,"36A2-2","h",60
207,"08C-9","c",40
208,"08-5","d",100
209,"08-5","d",100
210,"09-13","d",90
210,"32-9","l",10
211,"09A2-2","d",100
212,"08C-9","d",100
213,"09B-4","l",10
213,"09A2-5","d",90
214,"32-9","d",100
215,"08C-12","d",90
215,"32-9","l",10
216,"39A-8","d",100
217,"09A2-8","d",100
218,"09A2-2","d",100
219,"40A-1","d",100
221,"08C-9","d",100
222,"36A2-2","d",97
222,"36A2-3","z",3
223,"09-13","d",100
224,"09A2-6","d",100
225,"09-13","d",100
226,"50A-1","d",100
227,"09-13","d",100
228,"08C-9","d",100
229,"09A2-8","l",10
229,"08C-9","d",90
230,"08C-9","d",100
231,"32-9","d",100
232,"08-7","d",100
233,"08C-10","d",90
233,"32-9","l",10
235,"09A2-8","d",80
235,"08C-12","l",10
235,"32-9","l",10
236,"40A-1","l",10
236,"39A-1","d",90
237,"39A-1","d",100
238,"40A-1","d",100
239,"08C-5","d",100
240,"36A2-2","d",100
241,"36A2-2","d",100
242,"09A2-2","d",100
244,"08C-3","d",100
245,"08C-9","d",100
247,"08B3-3","l",10
247,"09-13","h",60
247,"08C-9","c",30
248,"36A2-2","d",100
249,"09-13","d",100
250,"08B3-3","d",80
250,"09-13","l",10
250,"09B-4","l",10
251,"09A2-2","d",100
252,"05C1-1","d",100
253,"39A-2","d",90
253,"32-9","l",10
254,"32-9","l",10
254,"39A1-1","d",90
255,"09-13","c",40
255,"32-9","h",60
256,"39A1-1","d",100
257,"16-1","d",100
258,"32-4","d",100
259,"36A2-2","d",100
260,"08C-3","d",80
260,"08C-12","l",10
260,"32-10","l",10
261,"16-1","d",100
262,"36A2-2","d",100
263,"08C-12","d",100
264,"39A-4","l",10
264,"39A1-1","d",90
265,"08C-5","l",10
265,"50A-1","d",90
266,"08-5","h",60
266,"08B3-3","c",40
267,"39A-1","d",100
268,"32-4","d",100
269,"39A-1","d",100
270,"36A2-2","c",40
270,"08C-12","h",60
272,"08-2","d",100
273,"32-4","d",100
274,"08C-5","c",30
274,"08-3","h",60
274,"08-5","l",10
1837,"32-9","d",100
275,"39A-1","d",100
276,"08-5","d",90
276,"08B3-3","l",10
277,"36A2-2","l",10
277,"08-5","d",80
277,"08B3-3","l",10
278,"16-1","d",90
278,"08-7","l",10
279,"39A-4","z",3
279,"39A-5","l",10
279,"39A1-3","d",87
280,"40A-1","l",10
280,"39A-5","d",80
280,"39A1-3","l",10
282,"09A2-6","c",30
282,"08C-11","h",60
282,"39A1-1","l",10
283,"08B3-3","l",10
283,"08C-10","l",10
283,"39A1-1","d",80
284,"39A-4","l",10
284,"39A-5","d",87
284,"39A1-3","z",3
285,"09-11","l",10
285,"33-2","d",90
286,"39A-4","d",87
286,"39A-5","l",10
286,"39A1-3","z",3
287,"40A2-1","z",3
287,"39A-5","l",10
287,"39A1-1","d",87
288,"39A1-3","d",77
288,"05C1-1","z",3
288,"33-2","l",10
288,"32-12","l",10
289,"39A-4","l",10
289,"09A2-6","d",90
290,"39A1-3","z",3
290,"39A1-1","d",97
291,"39A-2","d",80
291,"33-2","l",10
291,"39A1-1","l",10
292,"09-12","l",10
292,"16-1","l",10
292,"08-5","d",80
293,"09-12","l",10
293,"16-1","d",80
293,"33-2","l",10
294,"39A-1","d",90
294,"39A1-3","l",10
295,"39A-1","z",3
295,"39A-5","l",10
295,"39A1-3","l",10
295,"39A1-1","d",77
296,"36A2-3","d",76
296,"09A2-6","l",9
296,"08C-11","z",3
296,"01-1","z",3
296,"39A1-1","l",9
297,"40A-1","c",40
297,"40A2-1","h",60
298,"36A2-3","d",90
298,"09A2-6","l",10
299,"39A-1","d",90
299,"36A2-3","l",10
300,"39A-1","d",90
300,"09A2-6","l",10
301,"39A-2","l",5
301,"39A-5","l",5
301,"08-5","d",85
301,"09A2-6","l",5
302,"08C-6","d",89
302,"08B3-3","l",11
303,"08C-5","l",10
303,"08B3-3","d",90
304,"09-11","z",3
304,"09-12","d",97
305,"09A2-4","l",10
305,"11B2-4","d",90
306,"09A2-2","d",90
306,"09A2-6","l",10
307,"09-11","d",90
307,"09-12","l",10
308,"39A-5","l",10
308,"39A1-3","l",10
308,"39A1-1","d",80
309,"39A-1","d",90
309,"36A2-2","l",10
310,"08-5","l",10
310,"39A1-1","d",90
311,"09A2-4","l",10
311,"09-8","l",10
311,"11B2-4","d",80
312,"09-11","d",90
312,"09-12","l",10
313,"39A-1","d",85
313,"08C-1","l",5
313,"09A2-6","l",5
313,"16-15","l",5
314,"08B3-4","l",10
314,"09A2-6","d",90
315,"08B3-4","d",80
315,"08C-10","l",10
315,"32-9","l",10
316,"08B3-4","d",90
316,"09A2-6","l",10
317,"09-13","l",10
317,"32-9","d",90
318,"09-13","d",90
318,"09A2-6","l",10
319,"39A-2","l",10
319,"36A2-1","l",10
319,"08B3-3","d",80
320,"300-1","d",100
321,"39A-2","l",10
321,"09A2-6","l",10
321,"08C-10","d",80
322,"08-5","l",5
322,"09A2-6","l",5
322,"08C-10","l",5
322,"39A-2","d",85
323,"08-5","d",90
323,"08C-10","l",10
324,"39A-1","l",5
324,"09-13","l",5
324,"09A2-6","d",85
324,"08C-10","l",5
325,"40A-5","l",10
325,"09A2-6","d",80
325,"33-2","l",10
326,"39A-1","d",90
326,"39A-2","l",10
327,"40A-5","d",80
327,"36A2-2","l",10
327,"08B3-3","l",10
328,"39A-1","l",10
328,"39A-2","d",80
328,"05-1","l",10
329,"39A-1","z",3
329,"08B3-3","l",10
329,"09A2-6","d",77
329,"01A2-1","l",10
330,"39A-1","d",85
330,"08B3-3","z",3
330,"09A2-6","l",9
330,"01A2-1","z",3
331,"40A-1","l",10
331,"39A-1","d",90
332,"09-11","d",87
332,"09-13","l",10
332,"09A2-6","z",3
333,"09A2-2","d",80
333,"09-10","l",10
333,"09A2-6","l",10
334,"40A-3","l",10
334,"36A2-1","z",3
334,"09A2-6","d",87
335,"39A-1","d",77
335,"39A-2","l",10
335,"08C-5","z",3
335,"09A2-6","l",10
336,"39A-1","c",30
336,"08-5","l",10
336,"09A2-6","h",60
337,"39A-1","d",100
338,"39A-1","d",100
339,"39A-1","l",10
339,"40A-5","d",90
340,"39A-1","d",90
340,"09A2-6","l",10
341,"09-10","l",10
341,"08C2-4","d",80
341,"08C-11","l",10
342,"09A2-5","d",80
342,"09-10","l",10
342,"09A2-6","l",10
343,"39A-2","l",10
343,"08B3-3","d",80
343,"50A-1","l",10
344,"08B3-4","d",90
344,"09A2-6","l",10
345,"09-13","d",90
345,"08C2-4","l",10
346,"08B3-4","l",10
346,"09-13","h",60
346,"09A2-6","c",30
347,"36A2-2","l",10
347,"08B3-3","d",87
347,"09A2-6","z",3
348,"09A2-2","l",10
348,"08B3-4","l",10
348,"09A2-8","d",77
348,"04-1","z",3
349,"09A2-2","l",10
349,"09-9","d",80
349,"09A2-7","l",10
350,"39A-2","d",90
350,"09A2-8","l",10
351,"09-6","l",10
351,"09-7","d",90
352,"09A2-6","l",10
352,"01A2-1","z",3
352,"09-7","d",87
353,"08B3-4","d",80
353,"09A2-6","l",10
353,"32-9","l",10
354,"09A2-1","d",77
354,"09A2-5","l",10
354,"04-1","z",3
354,"09-7","l",10
355,"04-1","z",3
355,"09-7","d",97
356,"09A2-5","d",95
356,"04-1","z",5
357,"04-1","z",3
357,"09-7","d",97
358,"09A2-5","d",95
358,"04-1","z",5
360,"32-4","d",100
361,"32-4","d",90
361,"09-11","l",10
362,"09A2-2","z",3
362,"08C-6","l",10
362,"09A2-6","d",87
363,"08B3-3","l",10
363,"01A2-1","d",90
365,"09A2-4","l",10
365,"08B3-4","l",10
365,"09A2-6","d",80
366,"09A2-2","l",10
366,"08B3-2","l",10
366,"09A2-7","d",80
367,"36A2-2","h",60
367,"09A2-7","c",40
368,"09A2-1","d",90
368,"09A2-6","l",10
369,"08B3-1","l",10
369,"08-4","z",3
369,"50A-1","d",87
370,"32-4","d",100
371,"09A2-1","d",100
372,"09A2-1","d",97
372,"09A2-2","z",3
373,"08-5","d",90
373,"08B3-3","l",10
374,"08B3-3","d",87
374,"09A2-6","z",3
374,"08C-11","l",10
375,"09A2-1","d",87
375,"09-8","z",3
375,"09A2-6","l",10
376,"09A2-1","z",3
376,"09-10","d",77
376,"08B3-3","l",10
376,"09A2-6","l",10
377,"08C-5","l",10
377,"08B3-3","d",90
378,"09A2-1","z",3
378,"08B3-4","l",10
378,"09A2-6","d",87
379,"09A2-5","d",100
380,"50A-1","d",100
381,"08C-1","h",60
381,"09-13","c",30
381,"08C-10","l",10
382,"32-4","c",29
382,"09-11","h",39
382,"08C-1","z",3
382,"32-9","c",29
383,"32-9","d",100
384,"09-12","l",10
384,"08-3","d",90
385,"09-12","d",90
385,"08C-10","l",10
386,"09-12","l",10
386,"08-3","l",10
386,"08-5","d",80
387,"08-5","d",80
387,"08C-10","l",10
387,"32-9","l",10
388,"36A2-1","l",5
388,"32-4","d",85
388,"09-12","l",5
388,"32-9","l",5
389,"08-5","d",90
389,"32-9","l",10
390,"08-5","d",90
390,"50A-1","l",10
391,"08-5","d",80
391,"08C-10","l",10
391,"32-9","l",10
392,"08-5","d",90
392,"50A-1","l",10
393,"08-5","d",80
393,"08C-10","l",10
393,"32-9","l",10
394,"08-5","l",10
394,"01A2-1","d",90
395,"39A-2","d",100
396,"39A-2","d",100
397,"08-5","d",100
398,"08-5","d",100
399,"08-5","l",10
399,"08C-10","d",90
400,"08-5","d",77
400,"08B3-4","z",3
400,"09-13","l",10
400,"50A-1","l",10
401,"08-5","d",90
401,"50A-1","l",10
402,"08-5","d",90
402,"50A-1","l",10
403,"39A-2","z",3
403,"32-9","d",97
404,"08-5","d",87
404,"08C-10","z",3
404,"32-9","l",10
405,"08B3-3","d",100
406,"09A2-6","d",100
407,"32-4","h",60
407,"09-11","c",40
408,"09-11","l",10
408,"08C-1","d",90
409,"08C-10","d",100
410,"09-11","d",90
410,"08C-1","l",10
411,"08C-10","d",100
412,"32-4","d",100
413,"09-11","d",100
414,"09-13","d",90
414,"32-9","l",10
415,"08C-10","l",10
415,"32-9","d",90
416,"08C-10","d",100
417,"32-4","d",100
418,"32-4","d",100
419,"39A-2","d",100
420,"08B3-4","l",10
420,"09-13","l",10
420,"09A2-6","d",80
421,"08-5","d",90
421,"09-13","l",10
422,"09A2-1","l",10
422,"09-10","d",80
422,"08B3-4","l",10
423,"36A2-1","d",100
424,"09A2-6","d",100
425,"39A-2","l",10
425,"39A1-3","l",10
425,"36A2-1","d",80
426,"36A2-2","d",90
426,"36A2-3","l",10
427,"09A2-1","l",10
427,"09-10","d",80
427,"09A2-6","l",10
428,"39A-1","l",10
428,"09A2-2","d",90
429,"09A2-5","d",80
429,"09A2-2","l",10
429,"09A2-6","l",10
430,"09-10","d",80
430,"08B3-3","l",10
430,"09A2-6","l",10
431,"39A-2","d",100
432,"08C1-3","d",100
433,"40A-5","d",80
433,"36A2-2","l",10
433,"08B3-3","l",10
434,"39A-4","d",85
434,"08C-1","z",5
434,"08C-6","l",10
435,"09A2-1","l",10
435,"09-12","d",90
436,"09A2-2","l",10
436,"09A2-4","d",90
437,"09A2-5","l",11
437,"09-7","d",89
438,"09-7","d",100
439,"09A2-5","d",80
439,"09A2-2","l",10
439,"09-7","l",10
440,"16B1-1","d",100
441,"09-1","d",85
441,"09-2","l",5
441,"09A-4","l",5
441,"16B1-6","l",5
442,"16B1-6","d",100
444,"16B1-1","d",80
444,"16B1-4","l",10
444,"16B1-5","l",10
445,"16B1-1","d",90
445,"16B1-5","l",10
446,"16B1-1","d",97
446,"16B1-5","z",3
449,"32A1-1","d",100
453,"16B1-1","c",40
453,"16B-2","h",60
454,"09-1","d",80
454,"09-2","l",10
454,"12B-3","l",10
455,"09-1","d",90
455,"09A-4","l",10
457,"08B3-4","l",10
457,"32-9","h",60
457,"32A1-1","c",30
458,"09-1","d",90
458,"16B-3","l",10
459,"16B-2","d",100
462,"16B1-6","d",100
463,"32-4","d",100
464,"05D-2","d",100
465,"16B1-5","d",100
467,"16B1-1","d",87
467,"16B-2","l",10
467,"16B1-5","z",3
468,"16B1-1","l",10
468,"16B-3","d",80
468,"16B-4","l",10
471,"32-9","d",100
472,"32-6","d",100
475,"09A2-1","l",10
475,"09A2-6","d",90
476,"39A-1","d",80
476,"08B3-3","l",10
476,"09A2-6","l",10
477,"08-2","l",11
477,"50A-1","d",89
478,"16-5","l",10
478,"09-13","d",90
479,"08B3-3","d",100
480,"39A-2","d",87
480,"08B3-3","l",10
480,"09A2-6","z",3
482,"08B3-2","d",89
482,"08C-9","l",11
483,"09A2-6","l",10
483,"50A-1","d",90
485,"09-13","d",100
486,"08B3-3","d",90
486,"08C-9","l",10
487,"09A2-2","d",90
487,"09A2-8","l",10
491,"08-2","l",10
491,"09A2-8","d",90
492,"09B-4","d",100
493,"09B-4","d",100
495,"09A2-8","d",100
497,"08-2","d",100
1012,"09-13","d",90
2527,"32A1-1","d",100
2529,"39A-1","d",89
498,"09A2-2","d",90
498,"09A2-4","l",10
500,"09A2-6","d",100
501,"08-2","d",100
502,"09A2-6","d",100
503,"16-5","d",100
504,"16-5","d",90
504,"09-13","l",10
505,"09A2-2","l",10
505,"09A2-6","d",87
505,"08C-9","z",3
507,"09A2-5","d",89
507,"09B-4","l",11
509,"08-2","d",90
509,"09B-4","l",10
510,"08-2","d",90
510,"09B-4","l",10
511,"39A-2","d",85
511,"40A-6","l",15
512,"39A-2","d",90
512,"39A1-1","l",10
513,"36A2-2","d",100
514,"39A-7","d",100
515,"300-1","d",100
516,"39A-4","d",100
517,"08-2","d",100
518,"09A2-2","d",90
518,"09B-4","l",10
520,"08-2","l",10
520,"09A2-6","d",90
521,"08-2","l",10
521,"08C-9","d",90
523,"09A2-2","l",10
523,"09A2-8","d",90
524,"08-2","d",100
525,"09A2-2","d",100
527,"09-13","d",100
528,"08-5","l",10
528,"08B3-3","d",90
529,"16-5","d",100
530,"36A2-2","d",90
530,"39A1-1","l",10
531,"08C-10","d",100
532,"39A-5","l",10
532,"36A2-2","d",90
533,"32-6","l",10
533,"32-11","d",90
534,"39A-6","d",89
534,"36A2-2","l",11
535,"36A2-2","l",11
535,"38A-1","d",89
536,"39A-2","l",11
536,"38A-1","d",89
537,"32-6","d",100
538,"39A-2","l",10
538,"39A1-1","d",90
539,"39A-6","d",100
540,"39A1-1","d",100
541,"08B3-3","l",10
541,"32-11","d",90
542,"39A-1","z",3
542,"39A-2","l",10
542,"39A-4","d",87
543,"16-5","d",100
544,"16-5","l",10
544,"09-13","d",80
544,"33-2","l",10
545,"32-4","d",100
546,"16-5","d",100
547,"39A-4","l",10
547,"39A1-1","d",90
548,"08B3-3","d",80
548,"32-7","l",10
548,"32-9","l",10
549,"36A2-2","d",100
550,"08B3-3","d",100
551,"08C-11","d",100
552,"16-5","d",100
553,"09-13","l",10
553,"09A2-6","d",90
554,"39A1-1","d",100
555,"08B3-3","d",90
555,"32-9","l",10
556,"09A2-6","d",90
556,"08C-9","l",10
557,"08C1-1","d",90
557,"09A2-6","l",10
558,"09A2-6","d",90
558,"08C-9","l",10
559,"08C-8","d",90
559,"09A2-6","l",10
560,"09A2-5","l",10
560,"09A2-6","d",80
560,"08C-9","l",10
563,"39A-4","d",100
564,"09A2-6","d",100
565,"09A2-2","d",90
565,"09A2-8","l",10
566,"39A-2","d",90
566,"39A1-1","l",10
567,"09A2-6","d",100
568,"39A-4","d",100
569,"40A-1","d",90
569,"39A-1","l",10
570,"39A-8","l",10
570,"39A1-1","d",90
571,"09-13","d",100
572,"09A2-2","d",90
572,"09A2-8","l",10
573,"08B3-3","d",100
574,"09A2-1","l",10
574,"08B3-3","l",10
1025,"09-13","d",90
574,"09A2-6","d",80
575,"09A2-2","d",100
576,"09A2-1","l",10
576,"08B3-3","l",10
576,"09A2-6","d",80
577,"08B3-3","d",90
577,"09A2-6","l",10
578,"39A-2","d",90
578,"36A2-2","l",10
579,"09-13","d",100
580,"39A-2","d",90
580,"36A2-2","l",10
581,"09A2-8","d",100
582,"39A1-1","d",100
583,"09A2-2","l",10
583,"08B3-3","l",10
583,"09A2-6","d",80
584,"08-5","d",90
584,"08B3-3","l",10
585,"39A1-1","d",100
586,"39A-2","d",90
586,"39A1-1","l",10
587,"09-13","d",80
587,"08C-12","l",10
587,"32-9","l",10
588,"09A2-2","l",10
588,"09A2-8","d",90
589,"09-13","d",90
589,"08C-12","l",10
590,"09A2-8","d",100
591,"09A2-2","d",89
591,"09A2-8","l",11
592,"08-5","l",10
592,"08B3-3","d",90
593,"08B3-3","d",90
593,"09A2-6","l",10
594,"09B3-6","d",100
596,"40A-1","d",100
597,"09B3-6","d",100
598,"16B-4","d",100
599,"40A-5","d",100
600,"09A2-2","d",90
600,"09A2-3","l",10
602,"09A2-2","d",100
604,"16B-1","d",100
610,"32-9","d",100
611,"09-11","d",100
614,"09A2-2","d",100
616,"39A-1","d",100
617,"09-13","l",10
617,"09A2-6","d",90
618,"08B3-5","d",100
619,"09A2-3","c",40
619,"09A2-5","h",60
620,"09B-3","d",100
621,"08-2","d",100
622,"09A2-1","l",10
622,"09A2-2","d",87
622,"09A2-7","z",3
623,"39A-1","d",100
624,"09A2-2","d",100
625,"40A-1","d",100
626,"39A-2","d",100
627,"40A-1","d",100
629,"08B3-5","d",100
630,"09A2-2","l",10
630,"09-13","l",10
630,"09A2-6","d",80
631,"39A1-2","d",100
632,"08B3-3","d",100
633,"16-14","d",100
634,"16-14","d",100
635,"16-14","d",100
636,"08-5","d",100
637,"08-5","d",90
637,"08B3-4","l",10
638,"09A2-2","d",100
641,"11B2-3","d",100
644,"08B3-5","d",100
645,"08-5","d",90
645,"09-13","l",10
646,"08-1","l",10
646,"09-13","d",87
646,"08C-9","z",3
647,"08C1-3","h",60
647,"08B3-1","c",30
647,"09A2-5","l",10
648,"09-13","d",100
649,"09-13","d",100
650,"09A2-1","d",90
650,"09A2-6","l",10
651,"09-13","d",90
651,"08C-12","l",10
652,"39A-1","d",100
653,"39A-1","d",100
654,"09-13","d",100
655,"09A2-1","d",90
655,"09A2-6","l",10
656,"09-13","d",90
656,"08C-12","l",10
657,"09A2-2","l",10
657,"08B3-3","l",10
657,"09A2-8","d",80
658,"09-13","d",90
658,"09A2-6","l",10
659,"39A-2","d",90
659,"39A1-1","l",10
660,"39A-2","d",100
661,"09A2-1","l",10
661,"09A2-6","d",80
661,"08C-11","l",10
662,"39A-1","d",100
663,"08C-11","d",100
664,"39A1-1","d",100
665,"09-13","d",100
666,"39A-2","l",10
666,"36A2-2","d",90
667,"09A2-1","l",10
667,"09A2-6","d",90
668,"39A-1","d",90
668,"39A-2","l",10
669,"09A2-2","l",10
669,"09A2-6","d",80
669,"08C-11","l",10
670,"39A-2","c",40
670,"39A1-1","h",60
671,"39A-2","l",10
671,"36A2-2","d",90
672,"39A-2","d",100
673,"39A-2","c",30
673,"36A2-2","l",10
673,"39A1-1","h",60
674,"09A2-6","d",90
674,"08C-11","l",10
675,"39A-2","d",80
675,"36A2-2","l",10
675,"39A1-1","l",10
676,"05C1-1","d",100
677,"39A-2","d",100
678,"09A2-6","l",10
678,"08C-11","d",90
679,"39A-2","d",90
679,"36A2-2","l",10
680,"09A2-1","d",90
680,"09A2-6","l",10
681,"39A-1","d",90
681,"36A2-2","l",10
682,"39A-2","d",80
682,"39A-4","l",10
682,"36A2-2","l",10
683,"39A1-1","d",100
684,"50A-1","d",100
686,"36A2-3","d",100
687,"39A1-2","d",100
688,"40A-6","d",100
689,"09A2-2","d",87
689,"09-8","l",10
689,"11B2-4","z",3
693,"09A2-2","d",87
693,"09-9","l",10
693,"11B2-4","z",3
696,"09A2-2","d",80
696,"08B3-8","l",10
696,"11B2-4","l",10
698,"39A-1","d",100
699,"09A2-2","d",80
699,"09-9","l",10
699,"08B3-8","l",10
703,"40A-2","l",10
703,"39A-2","d",90
705,"08B3-4","d",100
706,"09A2-1","d",100
707,"39A-1","d",100
708,"36A2-2","d",100
709,"09A2-6","d",100
710,"09A2-6","d",100
711,"09A2-2","d",100
712,"09A2-6","d",100
713,"09A2-6","d",100
714,"39A-1","d",90
714,"36A2-2","l",10
716,"09A2-6","d",100
717,"09A2-2","d",90
717,"09A2-6","l",10
718,"09A2-6","d",100
719,"39A-1","d",90
719,"39A-3","l",10
720,"09-13","d",100
721,"39A-1","l",10
721,"39A-3","d",90
722,"08B3-3","l",10
722,"09A2-6","d",90
723,"39A-1","d",100
724,"39A-1","d",100
725,"09A2-6","d",100
726,"09A2-6","d",100
727,"39A-4","d",100
728,"09A2-2","d",100
729,"05C1-1","l",11
729,"05B3-1","d",89
730,"08C-12","d",100
731,"39A-8","d",80
731,"36A2-2","l",10
731,"09A2-6","l",10
732,"09A2-6","d",90
732,"32-9","l",10
733,"39A-4","d",100
734,"39A-1","d",90
734,"09A2-6","l",10
735,"32-9","d",100
736,"09A2-5","d",89
736,"09A2-6","l",11
738,"08B3-4","d",90
738,"32-9","l",10
739,"09A2-6","d",100
740,"09A2-6","d",100
743,"08B3-3","d",100
745,"08B3-4","d",90
745,"32-9","l",10
746,"09A2-1","d",100
747,"09A2-6","d",100
748,"09A2-6","d",100
749,"09A2-2","d",90
749,"09A2-6","l",10
750,"33-2","d",100
2529,"39A-2","l",11
751,"39A-2","d",90
751,"08B3-4","l",10
752,"39A-6","d",100
753,"39A-2","d",90
753,"08B3-4","l",10
754,"39A-4","d",100
755,"39A-2","l",10
755,"39A-4","d",90
756,"39A-4","d",100
757,"08B3-4","d",100
758,"39A-2","d",100
759,"39A-2","l",10
759,"39A-4","d",90
760,"39A-2","l",10
760,"39A-4","d",90
761,"08B3-8","l",10
761,"09A2-6","d",90
762,"09A2-2","l",10
762,"09A2-6","d",90
763,"08B3-4","d",90
763,"32-9","l",10
764,"08-5","d",100
765,"09A2-2","z",3
765,"08B3-8","l",10
765,"09A2-6","d",87
766,"09-13","d",90
766,"09A2-6","l",10
767,"09-13","l",10
767,"09A2-6","d",90
768,"39A-1","d",87
768,"09A2-2","z",3
768,"09A2-6","l",10
769,"09-13","d",90
769,"08C-12","l",10
770,"09-13","l",10
770,"09A2-6","d",90
771,"40A-6","d",100
772,"39A-6","d",100
773,"16-5","d",100
774,"40A-6","d",100
775,"16-5","d",90
775,"08-7","l",10
776,"09-13","l",10
776,"32-8","d",90
777,"40A-6","d",100
778,"09A2-2","d",90
778,"09A2-6","l",10
779,"09-13","l",10
779,"32-8","d",90
780,"40A-6","d",100
781,"36A2-2","l",10
781,"50A-1","d",90
782,"50C-1","d",100
783,"400-1","d",100
784,"50A-1","d",100
785,"08C-11","d",100
786,"08C-6","l",10
786,"50A-1","d",90
787,"32-8","l",10
787,"50A-1","d",90
788,"16-1","d",100
789,"32-6","d",90
789,"32-8","l",10
790,"33-1","d",100
791,"32-4","l",10
791,"50A-1","d",80
791,"01A2-1","l",10
792,"32-8","l",10
792,"50A-1","d",90
793,"400-1","d",100
794,"400-1","d",100
795,"32-4","l",10
795,"50A-1","d",80
795,"01A2-1","l",10
796,"50A-1","d",100
797,"32-8","d",100
798,"32-1","d",100
799,"32-1","d",100
800,"32-8","d",100
801,"16-2","d",100
803,"16-2","d",100
804,"50A-1","d",100
805,"32-8","d",100
806,"32-8","l",10
806,"50A-1","d",90
807,"33-1","d",100
808,"32-8","d",90
808,"50A-1","l",10
809,"33-1","d",100
810,"50A-1","d",100
811,"50C-1","d",100
812,"08-2","d",100
813,"36A2-2","d",100
814,"08-2","d",100
815,"50A-1","d",100
816,"16-5","d",100
817,"05B3-1","d",100
818,"32-4","d",90
818,"16-5","l",10
819,"05B3-1","d",100
820,"09A2-2","d",90
820,"09A2-6","l",10
821,"09A2-6","d",100
822,"09A2-2","l",10
822,"09A2-6","d",90
823,"09-13","d",90
823,"09A2-6","l",10
824,"09A2-2","d",100
825,"16-14","d",100
829,"09B-4","d",100
832,"32-6","d",100
833,"09A2-2","d",100
834,"09A2-6","d",100
835,"09B-4","d",100
836,"09B-4","d",100
837,"08B3-8","d",100
838,"09A2-2","d",100
839,"09A2-2","d",90
839,"09A2-6","l",10
840,"09A2-2","d",100
841,"09A2-1","c",40
841,"11B2-4","h",60
842,"09A2-2","l",10
842,"08B3-8","d",90
843,"39A-2","d",100
844,"08-2","d",90
844,"05B3-1","l",10
845,"08B3-8","d",100
846,"09A2-2","l",10
846,"09A2-6","d",90
848,"08B3-8","d",100
849,"05B3-1","d",100
850,"09A2-2","d",100
851,"08B3-8","d",100
852,"32-9","d",100
853,"08B3-7","l",10
853,"32-6","d",90
854,"09-13","d",80
854,"09A2-6","l",10
854,"09B-4","l",10
855,"09A2-6","d",100
856,"09A2-6","d",100
857,"09A2-6","d",100
859,"09A2-5","d",89
859,"09B-4","l",11
860,"09A2-6","d",100
861,"09A2-5","d",100
862,"09-13","d",100
863,"09A2-2","d",90
863,"09A2-6","l",10
864,"09A2-2","z",3
864,"09A2-6","d",97
865,"08B3-3","d",90
865,"32-9","l",10
866,"08B3-3","d",100
868,"08-2","d",100
869,"08-2","d",90
869,"50A-1","l",10
870,"08-2","d",90
870,"50A-1","l",10
871,"08B3-4","d",100
872,"08-2","d",100
873,"18-1","d",100
875,"09A2-2","d",90
875,"09A2-6","l",10
877,"09B-4","d",100
878,"09A2-6","d",90
878,"09B-4","l",10
880,"08-2","d",100
881,"50A-1","d",100
882,"09A2-2","l",10
882,"09A2-6","d",90
883,"09A2-6","d",100
884,"09A2-2","d",100
885,"08B3-3","d",90
885,"08C-11","l",10
886,"09A2-6","d",90
886,"09B-4","l",10
888,"09-13","d",100
889,"09-13","l",10
889,"09B-4","d",90
890,"09A2-1","d",100
891,"09A2-6","d",100
892,"09A2-2","d",100
893,"09-13","d",90
893,"08C-11","l",10
894,"08B3-3","l",10
894,"09A2-6","d",90
895,"09A2-2","d",90
895,"09A2-6","l",10
896,"08B3-3","l",10
896,"09A2-6","d",90
897,"08B3-5","d",100
898,"09A2-5","d",80
898,"09A2-6","l",10
898,"08C-9","l",10
899,"08C-9","d",100
900,"09A2-2","d",90
900,"09A2-6","l",10
901,"08B3-3","l",10
901,"09-13","l",10
901,"09A2-6","d",80
904,"50A-1","d",100
905,"09A2-2","l",10
905,"09A2-6","d",80
905,"09B-4","l",10
908,"09A2-5","d",89
908,"09A2-6","l",11
910,"08B3-3","l",10
910,"09A2-6","d",90
911,"16B-5","d",100
912,"32-4","l",10
912,"16B-6","d",90
913,"08B3-5","l",10
913,"32-6","c",30
913,"32-7","h",60
914,"09-1","d",100
915,"08-5","d",100
916,"16B1-1","d",80
916,"16B1-3","l",10
916,"16B-4","l",10
917,"16A-4","d",100
919,"09-1","d",100
920,"09-1","l",11
920,"16B-4","d",89
921,"16B-5","d",100
922,"08B3-4","d",100
923,"09-1","l",11
923,"16B-4","d",89
924,"16-9","d",100
925,"08-5","d",90
925,"08C-10","l",10
926,"08-5","d",90
926,"32-6","l",10
927,"09-1","c",40
927,"16B-4","h",60
928,"16B1-5","d",100
929,"09A-1","l",10
929,"09-1","d",87
929,"09-3","z",3
930,"08B3-4","l",5
930,"08C2-4","l",5
930,"08C-10","l",5
930,"32-7","d",85
931,"16-9","d",100
933,"09-1","d",100
934,"08B3-4","l",10
934,"32-9","d",90
935,"09-13","d",100
936,"12B-4","d",100
937,"08-5","d",100
938,"08-5","d",100
939,"08-5","d",100
940,"09-1","d",100
941,"40A-4","d",87
941,"39A-8","z",3
941,"09A2-6","l",10
942,"40A-4","d",87
942,"39A1-3","z",3
942,"09A2-6","l",10
943,"40A-2","d",100
944,"40A-4","d",90
944,"39A-2","l",10
945,"39A-2","d",90
945,"36A2-2","l",10
946,"40A-1","d",90
946,"09A2-6","l",10
947,"08B3-4","d",90
947,"09-13","l",10
948,"08C-10","l",10
948,"32-9","d",90
949,"08C-6","l",10
949,"01A2-1","d",80
949,"05B3-1","l",10
950,"08B3-8","l",10
950,"09-13","l",10
950,"09A2-6","d",80
951,"08-5","l",10
951,"09-13","l",10
951,"09A2-6","d",80
952,"08-5","d",90
952,"08C-10","l",10
953,"09A2-2","l",10
953,"08B3-8","d",80
953,"09-13","l",10
954,"08B3-8","l",10
954,"32-9","d",90
955,"08B3-8","l",10
955,"09A2-8","d",90
956,"09A2-2","z",3
956,"08B3-8","l",10
956,"32-9","d",87
957,"09A2-2","l",10
957,"08C-10","d",90
958,"09A2-2","d",90
958,"08B3-8","l",10
959,"32-9","d",100
960,"32-9","d",100
961,"08C-10","d",100
962,"01A2-1","d",100
963,"39A1-2","d",90
963,"08B3-7","l",10
964,"08-5","d",90
964,"32-9","l",10
965,"08-5","d",90
965,"08C-10","l",10
966,"08B3-3","d",100
967,"09-13","l",10
967,"09B3-6","z",3
967,"32-9","d",87
968,"09A2-1","d",80
968,"09A2-2","l",10
968,"08B3-3","l",10
969,"08-5","d",90
969,"08B3-4","l",10
970,"32-4","l",10
970,"01-1","l",10
970,"05-1","d",80
971,"32-4","l",10
971,"08-5","l",10
971,"09-13","d",80
972,"32-6","l",10
972,"32-9","d",90
973,"09-13","l",10
973,"09B-4","d",90
974,"08C-11","d",100
975,"08B3-4","d",100
976,"09A2-6","d",100
977,"08B3-3","d",100
978,"40A-3","c",40
978,"08B3-3","h",60
979,"39A-2","d",80
979,"36A2-2","l",10
979,"09-13","l",10
980,"08C-11","d",100
981,"09A2-6","d",90
981,"09A2-8","l",10
982,"09A2-1","h",50
982,"09A2-2","c",30
982,"09-9","l",10
982,"08B3-3","l",10
983,"08B3-3","d",100
984,"09A2-2","d",90
984,"08B3-3","l",10
985,"08B3-3","l",10
985,"09A2-6","d",90
986,"01-1","l",10
986,"05-1","d",90
987,"01-1","l",10
987,"05-1","d",90
988,"39A-1","l",5
988,"39A-2","d",85
988,"36A2-2","l",5
988,"08B3-3","l",5
989,"50A-1","d",90
989,"05-1","l",10
990,"01A2-1","d",80
990,"05-1","l",10
990,"05B3-1","l",10
991,"09A2-2","l",10
991,"08B3-3","l",10
991,"09A2-6","d",80
992,"39A-4","d",90
992,"36A2-2","l",10
993,"50A-1","d",80
993,"05-1","l",10
993,"05B3-1","l",10
994,"09A2-1","d",90
994,"09A2-6","l",10
995,"09A2-1","d",90
995,"09A2-6","l",10
996,"08B3-3","l",10
996,"08C-11","d",80
996,"32-9","l",10
997,"400-3","l",10
997,"09-11","l",10
997,"08C-11","d",80
998,"400-3","l",5
998,"09-11","l",5
998,"08B3-5","d",85
998,"09A2-6","l",5
999,"40A-5","l",5
999,"09-11","l",5
999,"08C-11","d",85
999,"01A2-1","l",5
1000,"40A-5","l",10
1000,"09-11","l",10
1000,"08C2-4","d",80
1001,"400-3","l",10
1001,"39A-1","d",90
1002,"08-5","d",100
1003,"36A2-2","d",90
1003,"08-5","l",10
1004,"08-5","d",100
1005,"08B3-4","l",10
1005,"08B3-7","d",90
1006,"39A-2","l",10
1006,"08B3-3","d",80
1006,"09A2-6","l",10
1007,"50A-1","l",10
1007,"01A2-1","d",80
1007,"05B3-1","l",10
1008,"39A-2","d",90
1008,"08B3-3","l",10
1009,"16-5","l",10
1009,"16-12","d",80
1009,"16-13","l",10
1010,"16-10","l",10
1010,"29A1-1","l",10
1010,"50A-1","d",80
1011,"16-3","l",10
1011,"08-5","d",80
1011,"09-13","l",10
1012,"16-5","l",10
1013,"32-4","l",10
1013,"08-5","d",90
1014,"36A2-1","d",100
1015,"50A-1","d",100
1016,"16-5","d",100
1017,"16-10","d",80
1017,"08-5","l",10
1017,"50A-1","l",10
1018,"16-3","d",80
1018,"16-5","l",10
1018,"08C2-1","l",10
1019,"16-3","d",90
1019,"16-5","l",10
1020,"50A-1","d",100
1021,"32-4","c",30
1021,"08-4","l",10
1021,"08-6","h",60
1022,"36A2-3","d",100
1023,"32-4","d",100
1024,"29-1","d",100
1025,"32-4","l",10
1026,"32-4","d",90
1026,"29A1-1","l",10
1027,"32-4","d",100
1028,"32-4","l",10
1028,"29-1","l",10
1029,"08-5","d",100
1030,"32-4","d",90
1030,"29A1-1","l",10
1031,"16-10","d",90
1031,"16-5","l",10
1032,"08-5","d",100
1033,"08B3-4","l",10
1033,"09-13","d",90
1034,"40A-4","l",10
1034,"08B3-4","d",80
1034,"09-13","l",10
1035,"08B3-4","d",100
1036,"32-9","d",100
1037,"40A-5","d",80
1037,"08B3-4","l",10
1037,"09-13","l",10
1039,"32-4","d",90
1039,"08-5","l",10
1040,"36A2-2","d",90
1040,"08-5","l",10
1041,"08C1-3","l",10
1041,"05B3-2","d",90
1042,"08C1-3","h",60
1042,"08B3-3","c",40
1043,"36A2-2","l",10
1043,"09-11","l",10
1043,"08B3-4","d",80
1044,"08B3-3","l",10
1044,"05-1","d",80
1044,"05B3-1","l",10
1045,"36A2-1","l",10
1045,"08B3-3","d",80
1045,"09A2-6","l",10
1047,"36A2-2","d",90
1047,"08B3-3","l",10
1048,"32-4","d",80
1048,"16-10","l",10
1048,"08-5","l",10
1049,"32-4","d",90
1049,"08-3","l",10
1050,"32-4","l",10
1050,"08-5","d",90
1051,"08-6","z",3
1051,"50A-1","d",97
1052,"36A2-2","d",100
1053,"08-6","d",100
1054,"08C-2","d",100
1055,"09A-1","d",90
1055,"09-1","l",10
1056,"09A-1","h",60
1056,"08C-2","c",40
1057,"09-11","d",100
1058,"08-5","d",100
1059,"09A-1","d",80
1059,"09-1","l",10
1059,"09-3","l",10
1060,"08B3-5","d",90
1060,"32-9","l",10
1061,"16B1-2","d",100
1062,"32-4","d",100
1063,"09-13","d",100
1064,"09A2-6","d",90
1064,"09A2-2","l",10
1066,"32-9","d",100
1067,"08-5","d",80
1067,"32-8","l",10
1067,"08B3-4","l",10
1068,"09A2-8","d",90
1068,"09A2-2","l",10
1070,"08B3-4","d",100
1071,"09A2-2","d",90
1071,"09A2-4","l",10
1072,"09A2-6","d",100
1073,"32-10","d",100
1074,"09A2-2","d",90
1074,"09A2-8","l",10
1075,"09A2-8","d",90
1075,"08B3-3","l",10
1076,"09A2-6","d",100
1077,"08B3-4","d",80
1077,"09A2-6","l",10
1077,"08B3-3","l",10
1078,"16-5","d",100
1080,"32-4","d",100
1083,"16-5","d",90
1083,"32-4","l",10
1084,"32-4","d",90
1084,"16-5","l",10
1086,"08B3-3","d",100
1087,"09A2-2","d",90
1087,"09A2-8","l",10
1088,"08B3-3","d",100
1089,"09A2-8","d",90
1089,"09A2-2","l",10
1090,"08-2","d",90
1090,"50A-1","l",10
1091,"09A2-6","d",90
1091,"08B3-3","l",10
1092,"09A2-2","d",100
1093,"09A2-6","d",90
1093,"08B3-3","l",10
1094,"09A2-6","d",90
1094,"08B3-3","l",10
1095,"09A2-6","d",90
1095,"08B3-3","l",10
1096,"09A2-8","d",90
1096,"09A2-2","l",10
1097,"50A-1","d",100
1098,"08C-11","d",90
1098,"08-2","l",10
1099,"09A2-6","d",90
1099,"08B3-3","l",10
1100,"08B3-3","d",100
1101,"09A2-6","d",90
1101,"08B3-3","l",10
1102,"08B3-4","d",100
1104,"08B3-4","d",90
1104,"08B3-3","l",10
1105,"09-13","d",90
1105,"32-9","l",10
1106,"09-13","d",90
1106,"08B3-3","l",10
1028,"29A1-1","d",80
601,"39A-2","d",100
1108,"39A-1","d",90
1108,"39A1-1","l",10
1109,"08C-11","d",80
1109,"09A2-6","l",10
1109,"08B3-3","l",10
1112,"08B3-3","d",80
1112,"08C-10","l",10
1112,"09-13","l",10
1113,"09A2-2","d",100
1114,"09A2-5","d",90
1114,"09B-4","l",10
1115,"09A2-6","h",60
1115,"09A2-5","c",40
1117,"09A2-5","d",100
1119,"08C-6","d",90
1119,"08C-3","l",10
1120,"09-11","d",100
1121,"09A2-5","h",60
1121,"09A2-1","c",40
1123,"08B3-8","h",60
1123,"09A2-2","c",40
1124,"09-13","d",100
1125,"08B3-3","d",85
1125,"08C-9","l",5
1125,"08C1-3","l",5
1125,"08C-8","l",5
1126,"36A-1","d",100
1127,"09-2","d",100
1130,"09A2-6","h",60
1130,"09A2-1","c",40
1131,"09-13","d",100
1132,"09A2-6","d",80
1132,"09A2-1","l",10
1132,"08C-11","l",10
1133,"36A-1","d",100
1134,"08C-11","d",90
1134,"09A2-6","l",10
1135,"08C1-3","d",100
1136,"08C-11","d",97
1136,"09A2-6","z",3
1137,"08B3-3","h",60
1137,"08C-11","c",30
1137,"09A2-6","l",10
1138,"09A2-1","d",80
1138,"08C-11","l",10
1138,"09-13","l",10
1139,"09A2-6","d",80
1139,"09A2-2","l",10
1139,"08C-11","l",10
1140,"08C-11","d",90
1140,"09A2-6","l",10
1141,"09A2-2","d",90
1141,"09A2-6","l",10
1142,"36A2-2","d",80
1142,"08C-11","l",10
1142,"09A2-1","l",10
1143,"09A2-6","d",90
1143,"09A2-1","l",10
1144,"09-13","d",90
1144,"09A2-6","l",10
1146,"09A2-2","d",90
1146,"09A2-6","l",10
1148,"09-13","d",90
1148,"09A2-6","l",10
1149,"09A2-6","d",80
1149,"09-13","l",10
1149,"09A2-1","l",10
1151,"09A2-5","d",90
1151,"09B2-2","l",10
1154,"08B3-3","d",80
1154,"36A2-2","l",10
1154,"09A2-6","l",10
1159,"06B2-1","d",100
1162,"09A2-2","d",90
1162,"09A2-5","l",10
1164,"09A2-5","d",85
1164,"08C-9","l",10
1164,"06B2-1","z",5
1168,"09A2-6","d",100
1172,"06B2-1","h",60
1172,"08C-7","c",40
1174,"09A2-5","d",100
1175,"32-9","d",90
1175,"08-2","l",10
1176,"08-2","d",90
1176,"01-1","l",10
1177,"09A2-6","d",100
1178,"08C-12","d",100
1179,"08-2","d",100
1180,"09A2-6","d",100
1182,"09A2-5","h",60
1182,"09B-4","c",40
1183,"09-13","d",100
1185,"09A2-3","d",90
1185,"06B2-1","l",10
1187,"09A2-2","d",90
1187,"09A2-5","l",10
1190,"09A2-6","d",100
1194,"09A2-5","d",100
1195,"09A2-2","d",100
1196,"09B-4","d",90
1196,"06B2-1","l",10
1202,"08C1-4","d",100
1206,"09B2-2","h",60
1206,"09B2-1","c",40
1207,"08-2","d",100
1209,"08-2","d",100
1211,"09A2-1","d",85
1211,"09A2-6","l",15
1213,"09B-4","d",100
1214,"09A2-5","d",90
704,"300-2","d",100
2519,"300-2","d",100
1214,"09A2-2","l",10
1215,"09A2-2","d",100
1216,"09A2-5","d",97
1216,"06B2-1","z",3
1221,"08-6","d",100
1222,"32-4","d",90
1222,"12B-1","l",10
1224,"50A-1","d",97
1224,"01-1","z",3
1225,"08-6","d",100
1226,"32-4","d",100
1227,"50A-1","d",90
1227,"29A1-1","l",10
1228,"08-6","d",90
1228,"32-4","l",10
1229,"32-4","d",100
1230,"12B-1","d",80
1230,"32-4","l",10
1230,"08-6","l",10
1231,"08-6","d",90
1231,"32-4","l",10
1232,"05D-1","d",85
1232,"08B3-1","l",10
1232,"08-4","z",5
1233,"05D4-1","h",60
1233,"08-6","c",40
1234,"16-1","d",80
1234,"16-13","l",10
1234,"16B-6","l",10
1235,"08-6","d",100
1236,"08-6","d",100
1237,"32-4","d",80
1237,"29A1-1","l",10
1237,"08-5","l",10
1238,"08-6","d",100
1240,"32-4","d",97
1240,"08C-1","z",3
1241,"08-6","d",90
1241,"08-5","l",10
1242,"12B-1","h",60
1242,"32-4","c",40
1243,"50A-1","d",100
1244,"08-6","d",100
1245,"32-4","d",100
1246,"08-6","d",90
1246,"32-4","l",10
1247,"08-6","d",90
1247,"08-5","l",10
1248,"50A-1","d",90
1248,"32-4","l",10
1249,"08-6","d",100
1250,"16-12","h",60
1250,"16-4","c",40
1251,"50A-1","d",90
1251,"08-6","l",10
1252,"32-9","d",80
1252,"16B-6","l",10
1252,"16-13","l",10
1253,"32-9","d",87
1253,"32-4","l",10
1253,"400-3","z",3
1254,"32-4","d",87
1254,"32-5","l",10
1254,"08-5","z",3
1255,"16-13","d",80
1255,"16B-6","l",10
1255,"05D-1","l",10
1256,"32-4","d",80
1256,"12B-1","l",10
1256,"08-5","l",10
1257,"32-4","d",90
1257,"08-5","l",10
1258,"50A-1","d",90
1258,"29A1-1","l",10
1259,"32-4","d",90
1259,"08-5","l",10
1260,"32-4","d",100
1261,"16-13","d",90
1261,"16B-6","l",10
1262,"32-4","d",90
1262,"12-1","l",10
1263,"16B-6","d",80
1263,"16-13","l",10
1263,"05D-1","l",10
1264,"16-13","d",100
1265,"32-4","d",100
1266,"16B-6","d",80
1266,"16-13","l",10
1266,"05D-1","l",10
1267,"16-13","d",90
1267,"16-3","l",10
1268,"32-4","d",87
1268,"32-10","l",10
1268,"16B-5","z",3
1269,"32-4","d",90
1269,"32-10","l",10
1270,"08-6","d",90
1270,"29A1-1","l",10
1271,"08-6","d",80
1271,"32-4","l",10
1271,"08-5","l",10
1272,"32-4","d",100
1273,"32-5","d",85
1273,"32-4","l",5
1273,"16-13","l",5
1273,"05D-1","l",5
1274,"16-13","d",90
1274,"32-4","l",10
1275,"32-4","d",100
1276,"50A-1","d",94
1276,"32-10","z",3
1276,"08-6","z",3
1277,"32-4","d",87
1277,"32-10","l",10
1277,"09-11","z",3
1278,"32-4","d",100
1279,"29-1","d",90
1279,"32-4","l",10
1280,"50A-1","d",100
1282,"29-1","d",90
1282,"29A1-1","l",10
1283,"08-5","d",100
1285,"32-4","d",80
1285,"08-5","l",10
1285,"08-1","l",10
1287,"32-5","d",100
1288,"32-4","d",100
1289,"32-4","d",90
1289,"08-6","l",10
1290,"50A-1","d",100
1291,"32-4","d",100
1292,"05D-1","d",90
1292,"08-3","l",10
1293,"08-6","d",90
1293,"32-4","l",10
1294,"32-4","d",100
1295,"32-4","d",90
1295,"16-13","l",10
1296,"50C-1","d",90
1296,"29A1-1","l",10
1297,"08-5","d",90
1297,"08-6","l",10
1298,"08-3","d",80
1298,"08-6","l",10
1298,"32-4","l",10
1300,"08-6","d",90
1300,"32-4","l",10
1302,"08B3-8","d",90
1302,"32-4","l",10
1303,"08B3-8","d",90
1303,"09A2-8","l",10
1304,"32-9","d",80
1304,"32-4","l",10
1304,"09-13","l",10
1305,"08B3-8","d",100
1306,"09-13","d",100
1307,"32-4","d",90
1307,"32-9","l",10
1308,"32-4","d",87
1308,"32-10","l",10
1308,"09-13","z",3
1309,"16-13","d",100
1310,"400-2","d",100
1311,"08C-10","d",100
1312,"32-10","d",87
1312,"08-3","l",10
1312,"08C-1","z",3
1313,"16-13","d",90
1313,"32-9","l",10
1314,"16-13","d",87
1314,"32-4","l",10
1314,"32-9","z",3
1316,"08B3-3","h",58
1316,"08C-6","c",29
1316,"09-11","l",10
1316,"05D5-1","z",3
1317,"16A-7","d",100
1318,"09A2-2","d",90
1318,"09-9","l",10
1319,"09-10","d",100
1320,"09A2-1","d",100
1321,"01-1","h",60
1321,"05D5-1","c",30
1321,"05-2","l",10
1322,"09A2-2","d",90
1322,"09-9","l",10
1323,"09A2-5","d",100
1325,"09A2-2","d",87
1325,"09A2-5","l",10
1325,"16A-2","z",3
1328,"32-9","d",100
1329,"08B3-3","d",80
1329,"05D5-1","l",10
1329,"08C1-3","l",10
1330,"08B3-3","d",80
1330,"39A-2","l",10
1330,"05D5-1","l",10
1331,"36A2-2","d",100
1332,"39A-2","d",100
1333,"09-11","d",100
1334,"39A-2","d",100
1335,"39A-2","d",100
1336,"36A2-2","d",80
1336,"08B3-3","l",10
1336,"40A-5","l",10
1337,"08C1-3","d",80
1337,"39A-2","l",10
1337,"08C-8","l",10
1338,"32-4","d",87
1338,"12B-2","l",10
1338,"08C2-2","z",3
1339,"32-9","d",90
1339,"08C2-1","l",10
1340,"08C2-1","d",80
1340,"32-9","l",10
1340,"32-4","l",10
1341,"50A-1","d",97
1341,"05B3-1","z",3
1342,"08-5","d",80
1342,"39A-2","l",10
1342,"08C2-1","l",10
1343,"09-13","d",80
1343,"08C-11","l",10
1343,"01-1","l",10
1344,"05D4-1","h",60
1344,"05C1-1","c",40
1345,"50A-1","d",87
1345,"05D-1","l",10
1345,"05D4-1","z",3
1346,"50A-1","d",87
1346,"05D-1","l",10
1346,"05D4-1","z",3
1347,"50A-1","d",80
1347,"05D4-1","l",10
1347,"05B3-1","z",5
1347,"08B3-2","z",5
1348,"50A-1","d",95
1348,"08B3-2","z",5
1349,"50A-1","d",97
1349,"05B4-1","z",3
1350,"50A-1","d",77
1350,"05B4-1","l",10
1350,"05-3","l",10
1350,"05D4-1","z",3
1351,"50A-1","d",100
1352,"50A-1","d",90
1352,"05D-1","l",10
1353,"50A-1","d",97
1353,"05D-1","z",3
1354,"50A-1","d",97
1354,"05D4-1","z",3
1355,"08-5","d",90
1355,"08C-10","l",10
1356,"08C-11","d",90
1356,"50A-1","l",10
1357,"08C-11","h",60
1357,"08C-6","c",30
1357,"05C1-1","l",10
1358,"50A-1","d",100
1359,"50A-1","d",100
1360,"32-4","d",90
1360,"32-5","l",10
1361,"32-4","d",90
1361,"39A1-3","l",10
1362,"32-4","d",90
1362,"08-5","l",10
1363,"09-13","d",90
1363,"40A-5","l",10
1364,"36A2-1","d",100
1365,"39A-2","d",100
1366,"09-13","d",90
1366,"08C-11","l",10
1367,"09-12","d",87
1367,"08C-5","l",10
1367,"39A1-2","z",3
1368,"50A-1","d",97
1368,"08-3","z",3
1369,"08C2-4","d",90
1369,"08C2-1","l",10
1370,"09A2-6","d",90
1370,"08C-11","l",10
1371,"09A2-1","d",100
1372,"50A-1","d",90
1372,"08B3-3","l",10
1373,"09A2-1","d",87
1373,"09A2-2","l",10
1373,"09-8","z",3
1374,"50A-1","d",97
1374,"08B3-3","z",3
1375,"09-13","d",90
1375,"09A2-6","l",10
1376,"50A-1","d",80
1376,"05B3-1","l",10
1376,"08B3-3","l",10
1377,"08B3-4","d",90
1377,"08B3-3","l",10
1378,"09A2-1","d",90
1378,"09A2-6","l",10
1379,"09-11","d",90
1379,"08B3-3","l",10
1380,"36A2-2","d",100
1381,"09A2-6","d",100
1382,"09A2-1","d",100
1383,"09A2-1","d",90
1383,"08B3-3","l",10
1384,"08B3-3","d",100
1385,"08-5","d",90
1385,"39A-2","l",10
1386,"08C-6","d",80
1386,"09A2-1","l",10
1386,"32-9","l",10
1387,"08C-11","d",90
1387,"09A2-1","l",10
1388,"32-9","d",90
1388,"08C-5","l",10
1389,"09A2-1","d",100
1390,"09A2-1","d",100
1391,"32-9","d",80
1391,"08-5","l",10
1391,"08C2-4","l",10
1393,"39A-2","d",100
1394,"08-5","d",90
1394,"09-13","l",10
1395,"08C-6","d",100
1396,"40A-5","d",100
1398,"09-8","d",90
1398,"09A2-1","l",10
1399,"08B3-3","d",100
1400,"09A2-6","d",90
1400,"09A2-1","l",10
1401,"32-9","d",90
1401,"09-13","l",10
1402,"09A2-6","h",60
1402,"08B3-4","c",30
1402,"32-9","l",10
1403,"09A2-6","d",89
1403,"09A2-5","l",11
1404,"09A2-1","d",90
1404,"09A2-6","l",10
1405,"08C-11","d",80
1405,"08B3-3","l",10
1405,"09A2-5","l",10
1406,"09A2-6","d",89
1406,"09A2-5","l",11
1407,"09A2-6","d",90
1407,"08B3-4","l",10
1408,"08B3-4","d",90
1408,"09-11","l",10
1409,"08B3-4","d",80
1409,"32-9","l",10
1409,"09A2-6","l",10
1410,"09A2-6","d",85
1410,"08B3-4","l",10
1410,"09A2-5","z",5
1411,"32-9","d",90
1411,"08B3-4","l",10
1412,"32-9","d",90
1412,"08B3-4","l",10
1413,"09-13","d",90
1413,"08B3-4","l",10
1414,"09A2-6","d",90
1414,"09-13","l",10
1415,"08B3-3","d",100
1417,"09-13","d",97
1417,"08-5","z",3
1418,"08B3-3","d",90
1418,"09A2-1","l",10
1419,"08B3-3","h",60
1419,"09A2-1","c",40
1420,"39A-8","d",89
1420,"40A-2","l",11
1422,"09-13","h",60
1422,"08B3-4","c",40
1423,"08B3-3","h",60
1423,"09A2-1","c",40
1424,"09A2-6","d",100
1426,"09-13","h",60
1426,"09A2-1","c",40
1427,"08B3-3","d",87
1427,"08B3-7","l",10
1427,"09A2-1","z",3
1428,"39A-1","h",60
1428,"29A1-1","c",30
1428,"40A-1","l",10
1429,"09A2-2","d",100
1430,"08B3-7","h",60
1430,"09A2-1","c",40
1431,"09A2-6","d",100
1432,"09-13","d",90
1432,"08C-3","l",10
1433,"09A2-1","d",100
1434,"09-6","d",90
1434,"08B3-8","l",10
1435,"09-9","h",60
1435,"09A2-2","c",40
1436,"09-11","d",100
1437,"09A2-2","d",97
1437,"09-9","z",3
1438,"09A2-2","d",97
1438,"09-13","z",3
1439,"09-13","d",90
1439,"09-11","l",10
1440,"09A2-2","d",100
1441,"09A2-1","d",97
1441,"09A2-2","z",3
1442,"09A2-1","d",90
1442,"40A-5","l",10
1443,"09A2-6","d",100
1444,"09-13","d",100
1445,"09A2-2","d",80
1445,"08B3-8","l",10
1445,"09-13","l",10
1446,"39A-2","d",100
1447,"32-9","d",87
1447,"09-13","l",10
1447,"39A-2","z",3
1448,"09-13","d",100
1449,"09-10","d",90
1449,"09A2-2","l",10
1450,"09A2-8","d",90
1450,"40A-1","l",10
1451,"08B3-3","d",100
1452,"39A-4","d",100
1453,"32-9","d",90
1453,"08B3-3","l",10
1456,"32-9","d",90
1456,"08B3-3","l",10
1457,"32-9","d",100
1458,"05C1-1","d",90
1458,"05-1","l",10
1460,"40A-4","d",100
1461,"50A-1","d",90
1461,"08B3-3","l",10
1462,"09A2-6","d",90
1462,"09A2-1","l",10
1463,"09A2-1","d",80
1463,"08B3-3","l",10
1463,"09A2-2","l",10
1464,"09-11","d",100
1465,"09A2-1","d",87
1465,"09B-4","l",10
1465,"09A2-4","z",3
1466,"09-11","d",90
1466,"09-13","l",10
1467,"32-9","d",90
1467,"09-10","l",10
1468,"09A2-1","d",90
1468,"09A2-2","l",10
1469,"09B-4","l",11
1469,"08B3-7","d",89
1470,"09A2-1","d",90
1470,"09A2-2","l",10
1471,"09-10","d",90
1471,"09A2-2","l",10
1472,"32-9","d",100
1473,"09-13","d",90
1473,"09B-4","l",10
1474,"08B3-3","d",97
1474,"09A2-1","z",3
1475,"09-13","d",100
1476,"09-13","d",87
1476,"08B3-3","l",10
1476,"32-9","z",3
1477,"08B3-3","d",100
1478,"09A2-1","d",100
1479,"09-13","d",89
1479,"08B3-6","l",11
1480,"39A-2","c",40
1480,"09-11","h",60
1481,"32-9","d",90
1481,"09-13","l",10
1483,"09A2-1","d",100
1484,"09-13","d",89
1484,"32-9","l",11
1486,"08B3-4","d",100
1487,"08B3-5","d",90
1487,"09-13","l",10
1488,"39A-2","h",60
1488,"36A2-2","c",30
1488,"08B3-3","l",10
1489,"08B3-3","d",90
1489,"08B3-7","l",10
1491,"09-13","d",80
1491,"08C-9","l",10
1491,"08B3-5","l",10
1492,"32-7","d",100
1493,"08B3-5","d",100
1494,"09A2-1","d",90
1494,"09A2-3","l",10
1495,"09A2-6","d",97
1495,"09A2-3","z",3
1496,"32-9","d",90
1496,"09-11","l",10
1499,"09A2-6","d",90
1499,"08C-11","l",10
1500,"05-1","d",80
1500,"09-13","l",10
1500,"08C-11","l",10
1501,"09-11","d",90
1501,"39A-2","l",10
1502,"08B3-3","d",80
1502,"05-1","l",10
1502,"08C-11","l",10
1503,"09A2-1","d",100
1504,"09A2-1","d",100
1505,"09A2-1","d",90
1505,"09-13","l",10
1506,"09A2-1","d",97
1506,"09-8","z",3
1507,"32-9","d",90
1507,"08B3-3","l",10
1508,"09A2-1","d",90
1508,"09-8","l",10
1509,"09-13","d",90
1509,"09A2-1","l",10
1510,"09A2-1","d",90
1510,"09-11","l",10
1511,"09A2-1","d",80
1511,"32-9","l",10
1511,"09-11","l",10
1512,"08B3-3","d",100
1513,"39A1-2","d",80
1513,"36A2-2","l",10
1513,"08B3-3","l",10
1515,"50A-1","d",80
1515,"05D-2","l",10
1515,"05B3-2","l",10
1518,"39A-2","d",100
1519,"36A2-1","h",60
1519,"32-9","c",30
1519,"09-11","l",10
1520,"36A2-1","h",60
1520,"39A-2","c",40
1521,"32-9","d",100
1522,"36A2-1","h",60
1522,"39A-2","c",40
1523,"09A2-6","d",100
1524,"09A2-1","d",90
1524,"08B3-3","l",10
1525,"32-9","d",80
1525,"09A2-6","l",10
1525,"08-5","l",10
1526,"09-13","h",60
1526,"01-1","c",40
1527,"39A-2","d",100
1528,"09A2-6","d",100
1529,"09-13","h",50
1529,"36A2-2","c",30
1529,"39A-2","l",10
1529,"08C-6","l",10
1530,"50A-1","d",100
1531,"09-13","d",90
1531,"40A-5","l",10
1532,"36A2-3","d",80
1532,"39A-2","l",10
1532,"09-13","l",10
1533,"36A2-3","d",80
1533,"39A-2","l",10
1533,"09-13","l",10
1534,"09A2-6","d",100
1535,"09A2-1","d",90
1535,"08B3-7","l",10
1536,"50A-1","d",77
1536,"08B3-3","l",10
1536,"08-5","l",10
1754,"08C-9","d",100
1757,"09B-4","d",100
1758,"09B-4","d",100
1760,"09A2-2","d",100
1761,"09A2-6","d",100
1762,"09-12","d",100
1765,"16B1-2","d",100
1766,"16-10","d",90
1766,"16B1-2","l",10
1767,"09-12","d",90
1767,"16B1-2","l",10
1768,"32-4","d",100
1769,"09A-3","d",100
1770,"09-11","d",100
1771,"09-12","d",100
1773,"09-12","d",100
1774,"16-7","d",100
1775,"09-12","d",100
1776,"16A-3","d",90
1776,"16A-7","l",10
1777,"16A-3","d",90
1777,"16A-7","l",10
1778,"16A-3","d",90
1778,"16A-4","l",10
1779,"09A3-1","d",100
1780,"09A-4","d",87
1780,"16A-4","l",10
1780,"09A3-1","z",3
1781,"16A-7","d",100
1784,"19-1","h",60
1784,"09A-4","c",40
1785,"09A-3","d",90
1785,"19-1","l",10
1786,"09-12","d",100
1787,"09A-4","d",90
1787,"09-12","l",10
1788,"19-1","d",100
1789,"09-3","d",90
1789,"19-1","l",10
1790,"16-8","d",100
1791,"19-1","d",90
1791,"09A-4","l",10
1792,"16B-4","d",100
1793,"09-12","d",100
1794,"16-8","d",90
1794,"16B1-2","l",10
1796,"16-6","h",60
1796,"09A2-1","c",40
1797,"05B3-1","d",100
1800,"08B3-3","d",90
1800,"32-9","l",10
1801,"39A-2","d",100
1802,"09A2-1","d",90
1802,"08B3-3","l",10
1803,"16-6","h",60
1803,"09A2-1","c",40
1804,"32-9","d",90
1804,"09-11","l",10
1806,"09A2-6","d",90
1806,"09A2-1","l",10
1807,"09A2-2","d",100
1808,"09A2-4","d",90
1808,"09-7","l",10
1809,"09A2-6","d",90
1809,"09A2-1","l",10
1810,"16-5","d",100
1813,"09A2-5","d",89
1813,"09A2-6","l",11
1815,"09B3-2","h",60
1815,"09B3-3","c",40
1819,"09A2-5","d",95
1819,"09B3-3","z",5
1822,"16-11","h",60
1822,"09A2-1","c",40
1823,"16A-7","d",90
1823,"16-7","l",10
1824,"16-7","d",90
1824,"16A-7","l",10
1826,"09A2-5","d",89
1826,"09-6","l",11
1827,"09-7","h",60
1827,"09A2-5","c",40
1828,"09A2-4","d",80
1828,"09-3","l",10
1828,"09-7","l",10
1831,"16A-7","d",90
1831,"09A2-4","l",10
1832,"09-6","d",87
1832,"09A2-4","l",10
1832,"16A-7","z",3
1833,"09A2-4","d",90
1833,"09-6","l",10
1834,"09-6","d",90
1834,"09A2-4","l",10
1835,"09-6","d",90
1835,"09A2-4","l",10
1836,"09A2-4","d",97
1836,"09-6","z",3
1838,"09A2-2","d",100
1839,"09A2-2","d",100
1840,"09A2-4","d",90
1840,"09-6","l",10
1842,"16-7","d",80
1842,"16A-7","l",10
1842,"09A2-4","l",10
1843,"09-6","d",90
1843,"09A2-4","l",10
1845,"09A2-4","d",90
1845,"09-6","l",10
1846,"16-7","d",80
1846,"09A2-4","l",10
1846,"09B2-1","l",10
1847,"09A2-4","d",100
1932,"09A2-6","c",30
1932,"08C-12","l",10
1933,"09A2-6","d",90
1933,"09-13","l",10
1934,"09A2-2","d",90
1934,"08B3-8","l",10
1936,"40A2-1","d",100
1939,"39A1-2","d",90
1939,"40A2-1","l",10
1940,"09A2-1","h",60
1940,"09-9","c",30
1940,"09A2-6","l",10
1941,"08B3-3","d",90
1941,"08C1-3","l",10
1942,"08B3-3","h",60
1942,"09A2-6","c",40
1943,"39A-2","d",100
1944,"09A2-6","h",60
1944,"09A2-5","c",40
1945,"09A2-1","d",97
1945,"08C1-3","z",3
1946,"09A2-1","d",90
1946,"09A2-5","l",10
1947,"09-14","d",100
1948,"39A-1","d",100
1949,"09A-1","d",100
1950,"08C-12","d",100
1951,"09-9","h",60
1951,"09A2-1","c",40
1952,"09-10","d",90
1952,"09A2-2","l",10
1953,"08B3-8","d",100
1955,"08B3-8","d",100
1956,"39A1-2","d",100
1957,"50A-1","d",100
1958,"50A-1","d",100
1959,"11B2-5","d",100
1964,"11B2-1","d",100
1972,"09B3-3","d",97
1972,"08C5-1","z",3
1974,"09B3-3","d",100
1996,"16A-7","d",100
1997,"08C5-1","d",100
1999,"09B3-3","d",100
2006,"08C-9","d",100
2007,"09A2-4","d",90
2009,"09A2-5","h",60
2009,"09-6","c",40
2010,"09A2-4","d",100
2012,"09-6","d",100
2013,"09B-4","d",100
2014,"09A2-3","d",100
2015,"16A-7","d",100
2016,"09A2-4","d",100
2017,"09-3","h",60
2017,"09A-1","c",30
2017,"09-6","l",10
2018,"09A2-4","d",100
2019,"11B2-4","d",100
2021,"09-6","d",80
2021,"09A-1","l",10
2021,"09-7","l",10
2022,"09-15","d",100
2025,"09A2-4","d",100
2026,"16-7","d",100
2029,"09A2-4","d",90
2029,"11B2-4","l",10
2033,"16-5","d",100
2034,"09-6","d",85
2034,"09A2-5","l",10
2034,"09A-1","z",5
2035,"09B3-6","h",58
2035,"09B-4","c",39
2035,"11B2-4","z",3
2037,"09A2-4","d",87
2037,"11B2-4","l",10
2037,"09-6","z",3
2038,"09A2-2","d",90
2038,"09A2-5","l",10
2039,"09B-4","d",100
2040,"08B3-3","d",100
2042,"09A3-1","d",90
2042,"09-6","l",10
2044,"11B2-1","d",90
2044,"11B2-2","l",10
2046,"09A2-4","d",100
2048,"09-4","d",90
2048,"09-5","l",10
2049,"16B1-3","d",90
2049,"09A2-1","l",10
2051,"09B3-3","d",90
2051,"11B2-4","l",10
2053,"09B3-3","d",100
2054,"08C5-1","d",100
2055,"09-15","d",100
2056,"19-1","d",100
2058,"09A2-4","d",90
2058,"09-6","l",10
2075,"09A2-2","d",100
2077,"09A2-2","d",100
2079,"09B-4","h",60
2079,"05B3-1","c",40
2080,"09A2-2","d",90
2080,"09-9","l",10
2081,"09A2-5","d",100
2084,"09-12","d",95
2084,"16A-5","z",5
2085,"09B-4","h",60
2516,"300-2","d",100
2512,"300-2","d",100
2528,"300-2","d",100
2511,"300-2","d",100
2085,"09A2-5","c",40
2086,"11B2-3","d",100
2088,"05B3-1","d",87
2088,"05-2","l",10
2088,"06B2-1","z",3
2089,"09A2-2","h",60
2089,"09-9","c",40
2090,"09-12","h",60
2090,"09-14","c",40
2092,"09A2-2","h",60
2092,"09-3","c",40
2095,"08C1-3","h",60
2095,"05B3-1","c",30
2095,"08C-8","l",10
2098,"09A2-5","h",60
2098,"09B-4","c",40
2099,"05B3-1","d",80
2099,"08B3-1","l",10
2099,"08-4","l",10
2100,"09-14","d",100
2101,"05B3-1","d",100
2103,"09-9","d",100
2104,"05B3-1","d",90
2104,"05-2","l",10
2107,"08B3-3","d",80
2107,"09A2-1","l",10
2107,"36A2-2","l",10
2108,"09A-2","d",100
2109,"05B3-1","d",90
2109,"08C-8","l",10
2110,"09-11","d",100
2111,"08B3-3","d",80
2111,"09-9","l",10
2111,"09A2-2","l",10
2112,"05B3-1","d",90
2112,"05D5-1","l",10
2113,"50A-1","d",90
2113,"05B3-1","l",10
2114,"09-14","d",100
2115,"09A2-1","d",97
2115,"09A2-2","z",3
2117,"09A2-5","h",60
2117,"09B-4","c",40
2118,"09A2-1","d",97
2118,"08C1-3","z",3
2119,"11B2-2","d",97
2119,"11B2-4","z",3
2121,"09A2-5","h",60
2121,"09-10","c",40
2122,"09-9","d",90
2122,"09-8","l",10
2123,"09A2-2","d",90
2123,"09-9","l",10
2130,"08B3-6","d",90
2130,"09A2-1","l",10
2131,"09A2-2","d",90
2131,"09-8","l",10
2134,"09A2-2","d",90
2134,"11B2-3","l",10
2136,"08C2-3","d",100
2138,"09A2-2","d",89
2138,"09-3","l",11
2140,"16A-6","d",100
2141,"11B2-1","h",60
2141,"09A2-2","c",30
2141,"09-9","l",10
2143,"09A2-2","h",60
2143,"09-9","c",40
2144,"09A2-2","d",80
2144,"09-9","l",10
2144,"16A-1","l",10
2145,"06B2-1","d",100
2147,"09-11","d",100
2149,"09-9","h",60
2149,"09-10","c",30
2149,"09A2-2","l",10
2150,"09A2-1","h",60
2150,"09-14","c",40
2152,"09A2-5","d",90
2152,"09A2-2","l",10
2153,"16A-1","d",100
2154,"09A-2","h",60
2154,"09-7","c",40
2155,"08B3-3","d",100
2156,"09-2","d",100
2166,"09B-4","d",97
2166,"09B3-6","z",3
2181,"09B3-2","d",100
2185,"09B3-5","d",100
2195,"09A2-5","d",100
2197,"16-5","d",100
2199,"09A2-5","d",100
2200,"09-6","d",90
2200,"09A2-5","l",10
2214,"16A-7","d",100
2215,"09B3-4","d",100
2216,"09B3-4","d",100
2217,"16A-7","d",100
2218,"09-6","d",90
2218,"09-7","l",10
2219,"09-9","d",100
2222,"09-15","d",100
2223,"09A2-5","d",100
2224,"09A2-5","d",90
2224,"39A-1","l",10
2225,"08C-9","d",80
2225,"09A2-5","l",10
2225,"09-6","l",10
2226,"09A2-2","d",90
2226,"09A2-5","l",10
2229,"09B-4","d",100
2231,"09B3-4","d",100
2232,"16-14","d",100
2233,"09B-4","d",100
2234,"09B-4","d",100
2235,"19-1","d",100
2236,"09A2-4","d",90
2236,"09A2-5","l",10
2238,"09B3-4","h",60
2238,"09B-4","c",30
2238,"09A2-4","l",10
2239,"16A-7","d",100
2240,"09A2-5","d",100
2241,"09-6","d",100
2243,"09A2-5","d",100
2245,"16-14","d",100
2246,"09-9","d",100
2248,"09-6","h",58
2248,"09B3-1","c",29
2248,"09A-1","l",10
2248,"09B-1","z",3
2249,"09A2-4","d",90
2249,"09A2-5","l",10
2250,"19-1","d",100
2251,"09-6","h",60
2251,"09A2-5","c",40
2261,"08C-9","d",90
2261,"16-14","l",10
2262,"09B-4","d",100
2263,"09A2-5","d",90
2263,"09B-4","l",10
2264,"16-14","d",100
2265,"36A2-2","d",90
2265,"08-5","l",10
2267,"08C-5","h",60
2267,"09A2-5","c",40
2268,"39A-1","d",100
2269,"19-1","d",100
2270,"39A-1","d",90
2270,"39A-2","l",10
2271,"09A2-2","h",60
2271,"09A2-5","c",30
2271,"09B3-4","l",10
2275,"09A2-5","d",100
2276,"09-15","d",100
2278,"09A2-2","d",100
2280,"09A2-6","d",90
2280,"09A2-1","l",10
2282,"09A2-2","d",100
2283,"40A-1","d",100
2284,"08B3-4","d",90
2284,"09A2-5","l",10
2291,"09-12","d",97
2291,"16A-3","z",3
2292,"19A1-2","d",100
2293,"16A-7","d",90
2293,"19A1-2","l",10
2294,"19A1-1","d",100
2296,"19-1","d",87
2296,"19A1-2","l",10
2296,"19A1-3","z",3
2297,"16-15","d",100
2299,"19A1-2","d",85
2299,"19-1","l",5
2299,"11B2-1","l",5
2299,"19A1-3","l",5
2300,"19A1-2","d",97
2300,"11B2-3","z",3
2302,"16A-4","d",90
2302,"19A1-2","l",10
2303,"19A1-2","h",60
2303,"19-1","c",30
2303,"16A-4","l",10
2306,"16-7","d",80
2306,"16A-7","l",10
2306,"16A-8","l",10
2310,"16-5","d",90
2310,"16-7","l",10
2311,"16A-4","d",100
2312,"19-1","d",100
2313,"09-12","d",100
2314,"09-12","d",100
2315,"16A-4","d",100
2316,"16A-4","d",90
2316,"09A3-1","l",10
2317,"16-14","d",100
2318,"16-14","d",100
2319,"16-15","d",90
2319,"09-11","l",10
2320,"19-1","d",95
2320,"09A3-1","z",5
2321,"19A1-2","d",89
2321,"16A-7","l",11
2322,"16A-4","d",100
2323,"16-5","d",90
2323,"09A-3","l",10
2325,"11B2-1","d",100
2327,"16A-4","d",89
2327,"16A-8","l",11
2333,"11B2-1","d",97
2333,"09B-2","z",3
2335,"11B2-1","d",100
2352,"09-6","h",60
2352,"09-4","c",30
2352,"09B-1","l",10
2354,"09A2-4","d",90
2354,"09-5","l",10
2355,"09-4","h",60
2355,"09-6","c",40
2356,"09A2-4","h",60
2356,"09A2-5","c",30
2356,"09B3-1","l",10
2361,"09A2-4","h",60
2361,"11B2-1","c",40
2510,"300-2","d",100
2533,"300-2","d",100
1536,"01-1","z",3
1537,"33-2","d",90
1537,"40A-5","l",10
1538,"08B3-3","d",90
1538,"09A2-6","l",10
1539,"08B3-3","d",100
1541,"08-5","d",80
1541,"08B3-3","l",10
1541,"32-10","l",10
1542,"39A-2","d",90
1542,"36A2-2","l",10
1543,"32-6","d",100
1544,"09A2-1","d",80
1544,"08B3-3","l",10
1544,"09-13","l",10
1545,"09-13","d",100
1546,"09A2-6","d",90
1546,"09A2-1","l",10
1547,"39A1-3","d",100
1548,"39A-1","d",80
1548,"08-5","l",10
1548,"09-11","l",10
1549,"09-11","d",100
1550,"39A-1","d",90
1550,"36A2-3","l",10
1552,"09A2-6","d",90
1552,"08B3-4","l",10
1553,"50A-1","d",90
1553,"08B3-4","l",10
1554,"32-5","d",87
1554,"32-4","l",10
1554,"01-1","z",3
1555,"36A2-2","d",100
1556,"08-5","d",97
1556,"09-11","z",3
1557,"08-5","d",90
1557,"09-13","l",10
1558,"32-6","d",100
1560,"09-13","d",100
1561,"09-13","d",90
1561,"09-11","l",10
1562,"36A2-2","d",100
1563,"09-13","d",90
1563,"08-5","l",10
1564,"36A2-2","d",90
1564,"09-13","l",10
1565,"32-5","d",90
1565,"32-4","l",10
1566,"32-5","d",90
1566,"08B3-3","l",10
1567,"32-3","d",90
1567,"32-5","l",10
1568,"32-5","d",90
1568,"32-4","l",10
1569,"39A-2","d",100
1570,"09A2-1","d",100
1571,"09A2-1","d",80
1571,"09A2-2","l",10
1571,"09-13","l",10
1572,"09A2-6","d",100
1573,"09A2-2","d",87
1573,"09A2-6","l",10
1573,"08C-9","z",3
1574,"09A2-2","d",90
1574,"08B3-4","l",10
1575,"05-1","d",94
1575,"01-1","z",3
1575,"08B3-3","z",3
1576,"09A2-1","d",100
1577,"32-9","d",87
1577,"05-1","l",10
1577,"01-1","z",3
1578,"08B3-3","d",100
1579,"08B3-3","d",90
1579,"32-9","l",10
1580,"32-9","d",100
1581,"09A2-1","d",77
1581,"09-11","l",10
1581,"09A2-2","l",10
1581,"09-9","z",3
1582,"09A2-2","d",77
1582,"09A2-1","l",10
1582,"09-11","l",10
1582,"09-9","z",3
1583,"09A2-6","d",100
1584,"08B3-8","d",100
1585,"09A2-6","d",90
1585,"32-9","l",10
1586,"09A2-2","d",97
1586,"09-9","z",3
1587,"09A2-2","d",90
1587,"09-9","l",10
1588,"08B3-5","d",100
1589,"36A2-2","d",100
1590,"08-5","d",90
1590,"39A-2","l",10
1591,"39A-2","h",50
1591,"36A2-2","c",30
1591,"39A1-1","l",10
1591,"08-5","l",10
1592,"16-5","d",90
1592,"16A-7","l",10
1593,"16-5","d",97
1593,"16A-7","z",3
1597,"08C-9","d",87
1597,"09A2-4","l",10
1597,"09B3-1","z",3
1598,"08C-9","d",90
1598,"09A2-4","l",10
1599,"09-7","d",100
1600,"09A2-2","d",90
1600,"09A2-4","l",10
1601,"09-7","d",90
1601,"09-6","l",10
1602,"09A2-4","d",100
1603,"09A2-1","d",100
1604,"08C-9","d",80
1604,"09-6","l",10
1604,"09A2-5","l",10
1605,"09A2-4","d",100
1606,"09-13","d",100
1608,"09A2-6","d",90
1608,"09A2-2","l",10
1609,"08B3-8","d",90
1609,"09A2-2","l",10
1610,"39A-1","d",90
1610,"39A-8","l",10
1611,"08C-9","d",100
1612,"09-7","d",100
1613,"09A2-5","d",90
1613,"09A2-8","l",10
1616,"09A2-5","d",100
1617,"16-5","d",100
1618,"16-5","d",100
1619,"08B3-3","h",60
1619,"36A2-3","c",40
1620,"09A2-6","d",87
1620,"09-13","l",10
1620,"09A2-2","z",3
1621,"39A-2","d",90
1621,"08C-11","l",10
1622,"32-9","d",100
1623,"09A2-6","d",100
1624,"39A-2","d",80
1624,"09A2-6","l",10
1624,"08-5","l",10
1625,"50A-1","d",87
1625,"09A2-6","l",10
1625,"08C-11","z",3
1626,"09A2-6","d",90
1626,"08B3-3","l",10
1627,"09A2-6","d",80
1627,"09-13","l",10
1627,"32-9","l",10
1628,"08B3-4","d",80
1628,"08-5","l",10
1628,"01-1","l",10
1629,"08B3-4","d",90
1629,"08B3-3","l",10
1630,"09A2-6","d",90
1630,"08B3-4","l",10
1631,"08B3-3","d",80
1631,"08C1-2","l",10
1631,"08C-11","l",10
1632,"09A2-6","d",80
1632,"08B3-4","l",10
1632,"32-9","l",10
1633,"32-9","d",90
1633,"08B3-4","l",10
1634,"08B3-4","d",100
1635,"08B3-3","d",87
1635,"08B3-4","l",10
1635,"09A2-6","z",3
1636,"08B3-3","d",90
1636,"08B3-4","l",10
1637,"09A2-6","d",90
1637,"09A2-1","l",10
1638,"39A-2","d",80
1638,"09-11","l",10
1638,"32-9","l",10
1639,"08C-11","d",80
1639,"08C-10","l",10
1639,"08C2-4","l",10
1640,"08B3-3","d",100
1641,"08C2-1","d",100
1642,"08C2-1","d",100
1643,"08-5","d",80
1643,"39A1-1","l",10
1643,"32-9","l",10
1644,"32-9","d",90
1644,"08-5","l",10
1645,"08-5","d",100
1646,"08C2-4","d",80
1646,"08C2-1","l",10
1646,"08-5","l",10
1647,"08-5","h",60
1647,"08B3-3","c",40
1648,"39A-2","d",90
1648,"09-11","l",10
1649,"05B3-2","d",90
1649,"08B3-3","l",10
1650,"08B3-3","d",100
1651,"08B3-3","d",100
1652,"08B3-3","d",80
1652,"09A2-6","l",10
1652,"09-13","l",10
1653,"08-5","d",80
1653,"09-11","l",10
1653,"32-9","l",10
1654,"08B3-3","d",100
1655,"32-9","d",80
1655,"01-1","l",10
1655,"08B3-3","l",10
1656,"08B3-3","d",90
1656,"08C-11","l",10
1657,"50A-1","d",97
1657,"01-1","z",3
1658,"08B3-3","d",100
1659,"08B3-3","d",100
1660,"08B3-3","d",100
1661,"39A-2","d",100
1662,"32-9","d",97
1662,"08B3-3","z",3
1663,"09A2-6","d",100
2530,"300-2","d",100
2532,"300-2","d",100
1664,"08B3-3","d",90
1664,"39A-2","l",10
1665,"50A-1","d",97
1665,"08B3-3","z",3
1666,"08C-6","d",85
1666,"05B3-1","l",10
1666,"01-1","z",5
1667,"32-9","d",90
1667,"08B3-3","l",10
1668,"08B3-4","h",60
1668,"08C2-4","c",30
1668,"08C-11","l",10
1669,"08B3-3","d",80
1669,"01-1","l",10
1669,"39A-2","l",10
1670,"08C-5","d",85
1670,"50A-1","l",5
1670,"08B3-3","l",5
1670,"08B3-4","l",5
1671,"05B3-2","h",50
1671,"08B3-3","c",30
1671,"08C-11","l",10
1671,"39A-2","l",10
1672,"05B3-2","h",60
1672,"50A-1","c",40
1673,"08B3-3","d",90
1673,"08C2-4","l",10
1677,"08B3-5","d",90
1677,"08B3-4","l",10
1680,"08C1-3","d",100
1681,"16-7","h",60
1681,"19A1-2","c",40
1682,"05C1-1","h",60
1682,"05D5-2","c",40
1683,"09A2-1","d",100
1684,"09A2-6","d",100
1685,"16-7","d",90
1685,"19A1-2","l",10
1686,"09A2-1","h",60
1686,"08B3-4","c",40
1687,"19A1-1","d",90
1687,"19A1-2","l",10
1688,"09A2-5","d",90
1688,"11B2-1","l",10
1693,"09-6","d",90
1693,"09A-3","l",10
1697,"11B2-2","d",100
1698,"09-15","d",100
1700,"09B3-6","d",87
1700,"09B3-2","l",10
1700,"09A2-2","z",3
1704,"09A2-2","d",100
1706,"16-14","d",90
1706,"16A-3","l",10
1707,"09B-4","h",60
1707,"09A2-2","c",40
1708,"09B-4","d",100
1709,"19A1-1","h",60
1709,"16A-7","c",40
1711,"16A-3","d",90
1711,"16A-7","l",10
1714,"09B3-2","d",100
1715,"09B3-3","d",90
1715,"09B3-2","l",10
1718,"08C-9","d",100
1721,"09A2-5","d",90
1721,"08C-9","l",10
1722,"09A2-5","d",90
1722,"08B3-7","l",10
1723,"08B3-8","h",60
1723,"09-11","c",40
1724,"16A-7","d",100
1725,"08C-9","d",100
1726,"09B-4","h",60
1726,"09A2-5","c",40
1727,"05D5-2","h",60
1727,"05C1-1","c",40
1728,"36A2-2","d",100
1729,"32-4","d",100
1730,"08C-6","h",60
1730,"08C-4","c",30
1730,"08C-12","l",10
1731,"09-11","d",100
1732,"36A2-2","d",100
1733,"08C-9","d",100
1734,"08-2","d",100
1735,"16-14","d",100
1736,"36A2-2","d",100
1737,"16-14","d",100
1740,"09A2-5","d",90
1740,"08C-9","l",10
1741,"08C-9","d",100
1742,"05D5-2","d",100
1743,"05D5-2","d",100
1744,"08C1-3","d",90
1744,"08B3-3","l",10
1745,"08-5","h",60
1745,"08B3-3","c",30
1745,"08C1-3","l",10
1746,"08B3-3","d",90
1746,"08C1-3","l",10
1747,"09-13","d",90
1747,"08C-5","l",10
1748,"05D5-2","d",100
1749,"09B-4","d",90
1749,"09A2-5","l",10
1751,"08C-9","d",90
1751,"16-14","l",10
1752,"19-1","h",40
1752,"16A-7","c",30
1752,"19A1-1","c",30
1753,"08C-9","d",100
2531,"300-2","d",100
1852,"09-6","d",90
1852,"09A2-4","l",10
1853,"09A2-4","d",80
1853,"09A2-2","l",10
1853,"09-6","l",10
1855,"16-14","d",90
1855,"09A2-4","l",10
1856,"16-7","d",100
1857,"09A2-4","d",90
1857,"16-14","l",10
1858,"09A2-4","d",90
1858,"09-6","l",10
1860,"16B1-4","d",90
1860,"09A-1","l",10
1861,"09-6","d",100
1863,"09-6","d",90
1863,"09A2-4","l",10
1864,"08-5","d",100
1866,"09A2-1","d",90
1866,"09A2-4","l",10
1867,"09A2-5","d",80
1867,"09A2-4","l",10
1867,"09-7","l",10
1868,"09A2-4","d",90
1868,"09-7","l",10
1869,"09A2-5","d",80
1869,"09-6","l",10
1869,"09A2-4","l",10
1870,"09-12","d",90
1870,"09A2-1","l",10
1871,"09-9","d",90
1871,"09A2-4","l",10
1872,"09A2-5","d",85
1872,"09-6","l",10
1872,"09-7","z",5
1873,"09-6","d",90
1873,"09A2-1","l",10
1876,"09A2-4","d",90
1876,"09-6","l",10
1877,"09A2-5","d",85
1877,"09A2-2","l",10
1877,"09-6","z",5
1878,"08B3-3","d",90
1878,"09A2-5","l",10
1882,"09-6","d",95
1882,"09A2-5","z",5
1883,"09-6","d",90
1883,"09A2-4","l",10
1884,"09A2-2","d",90
1884,"09A2-4","l",10
1885,"09-6","d",90
1885,"19-1","l",10
1887,"09-6","d",90
1887,"19-1","l",10
1888,"09A2-4","d",90
1888,"19-1","l",10
1889,"09-6","d",90
1889,"09A2-4","l",10
1890,"09-6","d",97
1890,"09A2-4","z",3
1891,"09-6","d",100
1892,"09A2-4","d",90
1892,"16-14","l",10
1893,"09A2-6","d",90
1893,"09A2-4","l",10
1894,"09-7","d",89
1894,"09A2-5","l",11
1897,"09A2-1","d",90
1897,"09-6","l",10
1899,"09A2-4","d",90
1899,"09-7","l",10
1901,"39A-2","d",100
1902,"39A-2","d",100
1903,"08C-9","d",89
1903,"09A2-2","l",11
1904,"39A-4","d",100
1905,"09A2-6","h",60
1905,"09-13","c",40
1906,"09A2-6","d",100
1907,"09-13","d",100
1908,"08B3-4","d",87
1908,"08B3-3","l",10
1908,"08C-9","z",3
1909,"09A2-6","d",90
1909,"09-13","l",10
1910,"09A2-5","d",100
1912,"08C-9","d",90
1912,"09A2-2","l",10
1913,"09A2-2","d",100
1914,"09A2-6","d",100
1915,"08C-9","d",100
1916,"09A2-6","d",100
1917,"09A2-2","d",100
1918,"08B3-3","d",90
1918,"09A2-6","l",10
1920,"09-13","d",100
1921,"09A2-5","d",100
1922,"08C-6","d",100
1923,"09A2-6","d",100
1924,"09-13","d",100
1925,"09A2-2","d",100
1926,"09A2-2","d",100
1927,"09A2-6","d",100
1928,"08B3-4","d",90
1928,"09A2-6","l",10
1929,"16-5","d",100
1930,"09A2-5","d",89
1930,"09A2-6","l",11
1931,"08B3-8","d",90
1931,"09A2-6","l",10
1932,"08B3-8","h",60
1193,"300-2","d",100
2534,"300-2","d",100
2363,"09-3","d",85
2363,"09A2-4","l",10
2363,"09A2-5","z",5
2377,"16A1-1","d",100
2380,"16A-6","d",100
2381,"09A2-4","d",100
2384,"16A-6","d",90
2384,"11B2-4","l",10
2385,"09A2-2","d",100
2386,"09A-1","d",87
2386,"09-6","l",10
2386,"09-5","z",3
2389,"09-1","d",100
2392,"09A2-4","d",97
2392,"16A-6","z",3
2394,"16A-6","h",40
2394,"09-3","c",30
2394,"09B-2","c",30
2396,"09A2-4","h",50
2396,"09-5","c",30
2396,"09-15","l",10
2396,"09B-2","l",10
2400,"16A1-1","d",100
2402,"16A-6","d",90
2402,"16A-8","l",10
2409,"09-15","d",89
2409,"16A-6","l",11
2410,"09A-1","d",97
2410,"09B-2","z",3
2411,"16A-6","d",100
2417,"09B-1","h",58
2417,"09-6","c",39
2417,"09B-2","z",3
2420,"16A-6","h",60
2420,"16A1-1","c",30
2420,"09A3-1","l",10
2431,"09-9","d",100
2436,"09-6","h",60
2436,"09A2-4","c",40
2437,"09A-1","d",100
2438,"09-8","d",100
2439,"16A-6","d",100
2441,"09-8","d",100
2442,"09-15","h",60
2442,"16A-6","c",40
2446,"09-8","d",90
2446,"09A-1","l",10
2447,"09-6","h",60
2447,"09A-1","c",30
2447,"09B-2","l",10
2454,"09-15","h",60
2454,"16A-6","c",40
2455,"09B-1","d",77
2455,"09-1","l",10
2455,"09-8","l",10
2455,"09B-2","z",3
2458,"09B-1","h",60
2458,"09B-2","c",40
2459,"09-6","d",100
2462,"09A2-4","d",100
2463,"09A2-5","h",60
2463,"09-6","c",40
2464,"16A1-1","d",100
2466,"09A2-4","d",100
2467,"09A-1","d",100
2476,"09A2-5","d",80
2476,"09B-4","l",10
2476,"09A2-2","l",10
2481,"09A2-2","d",100
2483,"09A2-4","d",80
2483,"09B2-1","l",10
2483,"09B2-2","l",10
2485,"09A2-4","d",100
2486,"09A2-2","d",100
2487,"09B-4","d",90
2487,"09B2-1","l",10
2488,"09A2-2","h",60
2488,"09B-4","c",30
2488,"09A2-5","l",10
2489,"09B3-6","d",100
2491,"39A-2","d",100
2492,"39A-1","d",100
2493,"39A1-2","d",100
2494,"39A-1","d",100
2495,"09B3-5","d",100
2496,"05C1-1","d",90
2496,"50A-1","l",10
2497,"36A2-2","d",100
2499,"08B3-3","d",100
2500,"09A2-2","h",58
2500,"09A2-5","c",39
2500,"09B-4","z",3
2007,"11B2-1","l",10
2187,"09A2-2","d",100
2209,"09B-1","d",100
595,"09A2-2","d",100
2513,"08-2","d",90
2513,"08C-11","l",10
2514,"39A-4","d",100
2515,"09B-4","d",80
2515,"09-13","l",10
2515,"09A2-2","l",10
2517,"09-11","d",100
2518,"08B3-2","d",100
2520,"09A2-4","d",100
2521,"09A2-3","d",90
2521,"09B-2","l",10
2522,"09A2-5","d",89
2522,"09-7","l",11
2523,"19-1","h",60
2523,"16A-7","c",30
2523,"19A1-1","l",10
