Locatie,SoortCode,Bedekking,Aantalsklasse,Bedekking_num
12,1099,"o","3",3
38,326,"r","3",1
38,1099,"s","2",1
40,1226,"r","3",1
41,326,"s","2",1
66,418,"o","4",3
66,420,"f","4",8
66,688,"o","4",3
67,420,"r","3",1
67,427,"f","4",8
69,420,"f","4",8
69,427,"o","3",3
71,219,"o","4",3
71,427,"f","4",8
75,346,"r","3",1
75,1255,"o","4",3
75,1275,"o","4",3
77,427,"o","3",3
77,688,"o","3",3
81,346,"o","4",3
82,420,"r","2",1
82,427,"o","4",3
82,688,"o","4",3
82,1099,"r","2",1
83,418,"r","3",1
83,420,"o","3",3
83,427,"o","4",3
83,688,"a","5",15
84,212,"f","4",8
85,212,"r","3",1
85,427,"f","5",8
87,420,"r","2",1
88,212,"o","3",3
88,427,"o","3",3
90,427,"o","4",3
92,212,"f","4",8
92,427,"o","4",3
96,178,"a","5",15
120,418,"lf","4",3
120,420,"o","3",3
120,473,"lf","4",3
121,418,"s","1",1
121,420,"f","5",8
121,427,"f","5",8
121,688,"lf","4",3
123,427,"la","4",9
124,427,"o","3",3
126,427,"s","2",1
130,688,"o","3",3
131,420,"o","2",3
135,1099,"s","1",1
137,420,"r","3",1
141,420,"lf","4",3
143,346,"s","3",1
143,420,"f","5",8
149,418,"lf","5",3
149,420,"s","1",1
150,418,"o","4",3
150,420,"o","4",3
150,688,"lf","4",3
152,418,"la","5",9
158,346,"r","3",1
158,418,"r","2",1
158,1385,"r","3",1
159,688,"r","3",1
160,420,"lf","4",3
160,427,"lf","4",3
160,688,"lf","4",3
161,427,"o","3",3
163,427,"r","2",1
164,427,"f","4",8
165,427,"lf","4",3
169,427,"o","3",3
177,420,"r","3",1
184,427,"f","4",8
184,1099,"s","1",1
185,1099,"r","2",1
186,427,"f","4",8
186,1099,"r","2",1
188,418,"r","3",1
188,420,"f","5",8
188,427,"lf","4",3
189,420,"r","3",1
189,688,"o","4",3
190,420,"f","4",8
190,1099,"s","1",1
191,418,"o","3",3
191,420,"f","3",8
191,688,"o","4",3
192,427,"f","3",8
192,688,"a","4",15
192,1385,"o","3",3
194,346,"o","3",3
194,420,"o","4",3
194,427,"o","3",3
194,688,"a","5",15
195,418,"o","3",3
195,420,"o","3",3
196,418,"o","3",3
196,420,"f","3",8
196,427,"o","3",3
196,688,"o","3",3
196,1324,"r","4",1
199,420,"o","3",3
199,427,"f","4",8
199,688,"a","4",15
200,420,"f","4",8
200,688,"o","3",3
206,427,"f","4",8
206,688,"f","4",8
206,1099,"o","3",3
207,427,"o","3",3
207,688,"o","3",3
211,420,"f","3",8
211,688,"f","3",8
212,427,"a","4",15
212,688,"a","4",15
213,420,"o","3",3
213,427,"o","3",3
213,688,"f","5",8
214,688,"o","3",3
215,212,"f","4",8
216,212,"f","4",8
217,420,"o","3",3
217,427,"r","3",1
217,1099,"o","3",3
218,420,"o","4",3
218,427,"o","4",3
218,688,"o","4",3
220,1255,"a","4",15
221,427,"f","3",8
221,688,"f","4",8
223,688,"a","5",15
224,420,"o","3",3
224,427,"o","3",3
224,688,"f","4",8
226,1255,"o","3",3
227,688,"f","5",8
228,427,"f","4",8
228,688,"a","5",15
228,1099,"o","3",3
229,427,"o","3",3
229,688,"a","4",15
230,427,"f","4",8
230,688,"a","5",15
231,688,"o","3",3
233,212,"f","4",8
234,1255,"f","3",8
235,212,"f","4",8
235,427,"o","4",3
235,688,"r","3",1
236,420,"r","2",1
236,427,"o","3",3
237,212,"la","4",9
239,427,"r","2",1
242,346,"o","3",3
242,420,"o","4",3
242,427,"o","3",3
242,688,"r","3",1
242,3174,"r","4",1
244,212,"f","3",8
245,212,"o","3",3
245,688,"f","4",8
245,1324,"s","3",1
247,212,"o","3",3
247,427,"o","3",3
247,688,"lf","4",3
247,1324,"s","3",1
249,427,"o","3",3
250,427,"f","5",8
250,688,"lf","4",3
251,420,"o","4",3
251,427,"o","3",3
251,688,"o","3",3
252,1255,"d","5",60
260,212,"a","5",15
262,212,"f","4",8
263,212,"f","4",8
267,427,"o","3",3
269,212,"a","5",15
269,427,"o","3",3
270,212,"f","4",8
270,427,"r","3",1
271,1255,"a","5",15
276,427,"o","3",3
281,1255,,,40
282,420,"o","3",3
282,427,"o","3",3
283,427,"lf","4",3
285,178,"r","3",1
288,427,"o","3",3
288,1255,"ld","5",22
289,427,"o","3",3
293,346,"s","2",1
298,427,"o","4",3
302,427,"la","5",9
303,427,"la","5",9
305,3011,"o","4",3
305,420,"s","1",1
305,626,"a","5",15
309,427,"lf","4",3
310,427,"r","2",1
311,248,"o","3",3
311,473,"f","5",8
313,427,"o","3",3
313,688,"o","3",3
314,427,"f","4",8
316,346,"lf","4",3
316,427,"lf","5",3
316,688,"lf","5",3
316,1099,"r","2",1
318,427,"r","2",1
319,427,"lf","4",3
327,427,"ld","5",22
328,427,"lf","4",3
328,1255,"s","1",1
329,427,"lf","4",3
330,427,"lf","4",3
333,346,"o","3",3
333,418,"lf","4",3
333,420,"lf","4",3
333,427,"o","3",3
333,688,"lf","4",3
334,427,"o","3",3
341,420,"o","3",3
342,418,"r","2",1
342,420,"f","5",8
342,427,"o","3",3
342,688,"f","5",8
343,427,"d","5",60
343,1255,"r","3",1
344,688,"f","5",8
345,427,"o","4",3
345,688,"f","5",8
346,427,"r","2",1
346,688,"r","2",1
347,427,"f","5",8
348,346,"o","3",3
348,418,"o","3",3
348,420,"s","1",1
348,427,"lf","4",3
348,688,"la","5",9
348,1275,"o","3",3
348,2153,"ld","5",22
349,418,"o","4",3
349,420,"o","4",3
349,688,"la","5",9
350,427,"o","3",3
350,688,"r","2",1
351,346,"o","3",3
351,420,"r","2",1
351,427,"f","4",8
351,688,"d","5",60
352,346,"r","2",1
352,420,"r","2",1
352,427,"f","5",8
352,688,"d","5",60
353,420,"o","3",3
353,1255,"f","5",8
354,418,"o","3",3
354,420,"f","4",8
354,427,"o","3",3
354,688,"la","5",9
354,2153,"ld","5",22
355,418,"s","1",1
355,420,"s","1",1
355,427,"o","3",3
355,688,"a","5",15
355,2153,"ld","5",22
356,418,"f","4",8
356,420,"r","2",1
356,427,"o","3",3
356,688,"a","5",15
356,2153,"ld","5",22
357,427,"f","4",8
357,688,"d","5",60
357,2153,"ld","5",22
358,418,"f","5",8
358,420,"o","4",3
358,688,"a","5",15
358,2153,"ld","5",22
359,2153,"d","5",60
362,420,"r","3",1
362,427,"f","4",8
363,427,"lf","5",3
363,1255,"o","3",3
365,418,"o","3",3
365,420,"lf","4",3
365,427,"f","5",8
365,688,"lf","4",3
365,1324,"f","4",8
366,418,"o","3",3
366,420,"lf","4",3
366,427,"d","5",60
366,1099,"r","2",1
366,1255,"lf","4",3
368,418,"lf","5",3
368,420,"o","3",3
368,427,"lf","5",3
368,688,"lf","5",3
368,908,"s","1",1
370,1324,"lf","4",3
371,418,"f","5",8
371,420,"s","1",1
371,427,"f","4",8
371,688,"f","5",8
372,418,"la","5",9
372,420,"r","2",1
372,427,"o","4",3
372,688,"r","3",1
373,427,"a","5",15
375,418,"o","3",3
375,427,"r","2",1
376,346,"o","3",3
376,418,"o","4",3
376,420,"r","2",1
376,427,"lf","5",3
376,688,"o","4",3
377,427,"a","5",15
377,688,"la","4",9
378,346,"o","3",3
378,418,"o","3",3
378,427,"lf","5",3
378,688,"lf","5",3
379,418,"f","4",8
379,427,"o","3",3
379,688,"f","4",8
381,427,"o","3",3
384,427,"o","3",3
385,427,"o","4",3
388,427,"o","3",3
390,178,"r","4",1
393,427,"r","3",1
400,1099,"s","1",1
405,427,"f","5",8
420,427,"lf","4",3
422,418,"s","1",1
422,427,"lf","4",3
422,688,"lf","4",3
423,427,"lf","5",3
425,427,"lf","4",3
427,420,"o","3",3
427,427,"lf","4",3
427,688,"o","3",3
429,418,"lf","5",3
429,420,"o","4",3
429,427,"la","5",9
429,688,"la","5",9
430,427,"ld","5",22
431,427,"d","5",60
433,427,"f","5",8
434,427,"lf","4",3
435,346,"o","3",3
435,420,"lf","4",3
435,427,"lf","5",3
435,473,"s","2",1
435,1324,"lf","4",3
436,418,"o","3",3
436,420,"o","3",3
436,473,"r","2",1
437,346,"o","4",3
437,420,"o","3",3
437,427,"a","5",15
437,688,"a","5",15
438,346,"o","4",3
438,427,"a","5",15
438,688,"a","5",15
439,420,"lf","4",3
439,427,"la","5",9
439,688,"la","5",9
440,187,"a","4",15
440,714,"f","4",8
440,1183,"f","4",8
440,1275,"f","4",8
441,187,"o","4",3
441,346,"a","5",15
441,1332,"s","2",1
441,688,"s","4",1
441,923,"s","3",1
442,187,"f","4",8
444,187,"a","4",15
444,346,"lf","4",3
444,714,"f","4",8
444,1183,"o","2",3
444,1275,"o","3",3
444,1332,"f","4",8
445,187,"a","4",15
445,346,"la","4",9
445,714,"f","4",8
445,923,"o","3",3
445,1183,"f","3",8
445,1275,"f","4",8
445,1332,"f","4",8
445,688,"s","4",1
446,187,"f","3",8
446,688,"s","4",1
446,923,"s","3",1
446,1183,"o","3",3
449,714,"f","4",8
453,187,"a","4",15
453,670,"s","4",1
453,714,"f","4",8
453,1183,"f","4",8
453,1255,"f","4",8
454,237,"r","2",1
454,346,"a","5",15
454,670,"s","4",1
455,187,"o","2",3
455,1275,"o","3",3
455,237,"s","2",1
457,187,"a","4",15
457,714,"f","5",8
457,1275,"f","4",8
458,187,"lf","4",3
458,346,"la","5",9
458,714,"o","3",3
459,187,"f","3",8
459,714,"o","3",3
459,1183,"s","2",1
462,187,"a","5",15
462,1183,"s","3",1
462,1275,"o","3",3
462,688,"s","4",1
465,187,"a","5",15
465,714,"f","4",8
465,1183,"o","3",3
465,1275,"f","4",8
465,1332,"a","5",15
467,187,"f","4",8
467,688,"s","4",1
467,714,"o","3",3
467,1183,"lf","4",3
467,1275,"o","3",3
467,1332,"s","2",1
468,187,"o","2",3
468,248,"s","3",1
468,346,"o","5",3
468,1183,"o","3",3
468,1275,"f","5",8
468,688,"s","4",1
474,178,"f","4",8
474,1099,"r","3",1
479,427,"f","5",8
480,427,"f","5",8
482,427,"f","4",8
482,688,"o","4",3
482,1324,"o","5",3
483,427,"f","4",8
486,427,"f","4",8
486,688,"o","4",3
487,346,"o","4",3
487,418,"o","4",3
487,420,"r","3",1
487,427,"o","4",3
487,688,"o","4",3
487,1324,"o","5",3
488,688,"a","5",15
488,1324,"a","5",15
489,1324,"a","5",15
490,1324,"a","5",15
491,427,"o","4",3
491,1099,"r","3",1
492,326,"s","2",1
492,688,"a","5",15
492,1324,"a","5",15
493,346,"o","4",3
493,688,"a","5",15
493,1324,"a","5",15
494,346,"o","4",3
494,688,"a","5",15
494,1324,"a","5",15
496,326,"f","4",8
497,346,"o","3",3
497,688,"o","3",3
498,418,"o","4",3
498,420,"r","3",1
498,427,"o","4",3
498,688,"o","4",3
499,326,"o","3",3
499,427,"f","5",8
499,688,"f","4",8
499,1099,"s","2",1
500,427,"f","4",8
500,688,"o","4",3
502,420,"r","3",1
502,427,"f","4",8
502,688,"f","4",8
505,420,"r","3",1
505,427,"f","4",8
505,688,"f","4",8
507,418,"r","3",1
507,420,"r","3",1
507,427,"o","4",3
507,688,"f","5",8
507,1324,"o","4",3
509,326,"o","3",3
509,346,"o","4",3
509,688,"f","5",8
509,1324,"f","5",8
510,688,"f","4",8
510,1324,"o","4",3
517,326,"f","4",8
517,1099,"r","2",1
518,346,"o","4",3
518,418,"o","4",3
518,420,"r","3",1
518,427,"o","4",3
518,688,"o","4",3
518,1324,"o","5",3
519,326,"o","3",3
519,688,"a","5",15
519,1324,"f","5",8
520,427,"f","4",8
520,688,"f","4",8
521,326,"o","3",3
521,427,"f","4",8
521,688,"f","5",8
521,1324,"f","5",8
522,1324,"f","4",8
523,420,"r","3",1
523,427,"o","4",3
523,688,"o","4",3
525,418,"o","4",3
525,420,"r","3",1
526,427,"f","5",8
528,346,"r","3",1
528,427,"f","4",8
541,427,"o","3",3
548,427,"f","4",8
550,427,"f","4",8
553,420,"s","1",1
553,427,"o","4",3
553,1324,"r","4",1
554,212,"r","4",1
555,427,"f","4",8
556,688,"a","5",15
557,326,"o","3",3
557,688,"r","3",1
558,688,"a","4",15
559,688,"r","3",1
560,688,"a","5",15
560,1324,"r","4",1
565,427,"f","4",8
570,212,"o","4",3
572,420,"s","1",1
572,427,"o","4",3
573,427,"a","4",15
574,346,"f","5",8
574,427,"f","5",8
574,688,"o","4",3
576,420,"s","1",1
576,427,"f","5",8
577,427,"f","5",8
579,427,"r","3",1
581,420,"s","1",1
581,427,"o","3",3
583,420,"r","3",1
583,427,"o","4",3
584,427,"o","4",3
587,212,"o","4",3
588,346,"r","3",1
588,427,"o","4",3
588,688,"o","4",3
589,212,"o","4",3
590,420,"s","1",1
590,688,"o","4",3
591,346,"f","4",8
591,420,"s","2",1
591,427,"a","5",15
591,688,"f","4",8
592,427,"a","4",15
593,427,"a","4",15
594,219,"o","3",3
594,688,"r","3",1
594,1324,"f","5",8
595,219,"f","4",8
595,418,"o","4",3
595,420,"s","1",1
595,908,"s","1",1
597,219,"r","2",1
597,1324,"f","5",8
597,1327,"r","2",1
598,212,"o","3",3
598,346,"o","3",3
598,420,"o","3",3
598,427,"a","5",15
598,626,"o","4",3
598,688,"o","4",3
598,714,"f","4",8
598,1099,"r","2",1
598,1275,"r","2",1
599,212,"r","2",1
600,212,"r","3",1
600,346,"o","4",3
600,418,"o","5",3
600,420,"f","4",8
600,427,"o","5",3
600,1230,"s","1",1
600,1324,"s","4",1
600,1327,"s","2",1
602,418,"f","5",8
602,420,"f","4",8
602,427,"o","3",3
602,890,"s","1",1
602,908,"s","2",1
604,219,"f","4",8
604,420,"f","3",8
604,427,"a","5",15
604,626,"o","3",3
604,688,"la","5",9
604,714,"f","4",8
604,890,"f","3",8
604,1099,"a","2",15
610,427,"r","3",1
611,212,"r","3",1
614,346,"r","4",1
614,418,"f","5",8
614,420,"f","5",8
614,427,"r","5",1
614,688,"o","5",3
614,714,"r","2",1
614,3011,"r","5",1
614,890,"s","1",1
616,212,"o","4",3
617,688,"r","4",1
618,212,"o","3",3
618,427,"o","4",3
618,688,"f","4",8
618,1324,"lf","5",3
619,420,"o","3",3
619,427,"f","5",8
619,688,"f","5",8
619,1099,"s","1",1
619,1324,"la","5",9
620,1324,"f","5",8
621,212,"o","3",3
621,427,"s","2",1
621,1324,"r","4",1
622,219,"r","2",1
622,418,"f","5",8
622,714,"s","1",1
622,1099,"s","1",1
623,212,"o","4",3
626,212,"d","5",60
629,212,"o","3",3
629,427,"f","5",8
629,456,"s","1",1
630,688,"r","3",1
632,219,"la","4",9
632,418,"o","5",3
632,3011,"s","3",1
637,212,"o","3",3
638,418,"f","5",8
638,420,"f","5",8
638,427,"r","4",1
638,456,"s","1",1
638,3011,"r","5",1
638,890,"r","2",1
641,418,"f","4",8
641,3011,"f","5",8
644,212,"r","3",1
644,427,"a","5",15
644,651,"o","4",3
644,688,"r","3",1
644,890,"o","3",3
645,427,"o","4",3
646,212,"o","3",3
646,346,"o","3",3
646,427,"lf","5",3
646,688,"la","5",9
646,890,"r","2",1
647,346,"o","3",3
647,427,"f","5",8
647,688,"la","5",9
647,1255,"r","3",1
648,346,"o","3",3
649,346,"o","3",3
650,346,"o","3",3
650,427,"o","4",3
650,688,"o","3",3
651,212,"f","4",8
655,346,"o","3",3
655,427,"o","3",3
656,212,"la","4",9
657,427,"f","4",8
657,688,"o","3",3
658,427,"f","4",8
658,688,"r","3",1
661,420,"f","4",8
661,427,"f","4",8
661,688,"o","4",3
667,420,"f","4",8
667,427,"o","4",3
667,688,"o","4",3
669,420,"r","3",1
669,427,"o","4",3
676,1255,"f","4",8
678,427,"o","4",3
680,420,"s","2",1
680,427,"f","4",8
685,427,"f","5",8
686,427,"o","4",3
687,427,"f","5",8
689,346,"r","3",1
689,418,"r","3",1
689,473,"r","4",1
689,688,"o","4",3
692,427,"a","5",15
692,688,"f","4",8
693,346,"r","3",1
693,418,"r","4",1
693,473,"r","3",1
693,688,"o","4",3
693,3011,"r","3",1
696,346,"r","4",1
696,418,"o","4",3
696,473,"o","4",3
696,688,"o","4",3
696,3011,"r","4",1
700,427,"a","5",15
700,688,"f","4",8
702,1255,"a","4",15
710,346,"o","4",3
710,427,"o","4",3
710,688,"o","3",3
711,346,"o","3",3
711,418,"o","4",3
711,420,"s","2",1
711,427,"o","4",3
711,688,"o","4",3
713,427,"o","3",3
713,688,"o","4",3
715,638,"a","5",15
715,1099,"f","3",8
716,212,"r","3",1
716,427,"o","4",3
716,688,"f","4",8
717,418,"o","4",3
717,420,"o","4",3
717,427,"o","4",3
717,688,"o","4",3
718,427,"f","5",8
722,427,"f","5",8
728,418,"o","4",3
728,420,"r","3",1
728,427,"o","4",3
728,688,"o","4",3
728,908,"s","2",1
729,1255,"f","4",8
730,212,"f","5",8
730,427,"f","4",8
731,212,"f","5",8
731,427,"o","4",3
732,427,"o","4",3
732,688,"o","4",3
734,420,"s","2",1
734,427,"f","4",8
734,688,"r","3",1
736,418,"o","4",3
736,420,"o","4",3
736,427,"o","4",3
736,688,"f","5",8
736,908,"s","2",1
738,427,"f","4",8
739,427,"f","4",8
741,1255,"s","2",1
743,427,"a","4",15
746,418,"r","3",1
746,420,"r","3",1
746,427,"o","4",3
746,688,"o","4",3
747,427,"f","4",8
747,688,"o","4",3
748,427,"r","3",1
749,418,"f","5",8
749,420,"r","3",1
749,688,"o","4",3
757,427,"f","4",8
759,427,"f","4",8
761,427,"o","3",3
762,427,"o","3",3
765,420,"s","2",1
766,346,"o","3",3
766,427,"o","3",3
769,212,"o","4",3
769,346,"o","4",3
769,1099,"o","4",3
770,346,"o","3",3
771,212,"f","4",8
775,212,"f","3",8
776,178,"r","3",1
778,346,"o","4",3
778,420,"r","3",1
778,427,"o","4",3
778,688,"o","4",3
779,427,"o","3",3
779,688,"o","3",3
781,427,"f","4",8
781,1099,"f","3",8
784,1099,"o","2",3
785,1099,"f","3",8
786,1099,"f","4",8
791,1099,"f","4",8
792,1099,"s","2",1
795,1099,"o","3",3
796,1099,"s","2",1
802,427,"f","4",8
804,1099,"s","2",1
812,1099,"f","4",8
813,427,"f","4",8
813,1099,"f","4",8
814,427,"f","4",8
814,1099,"f","3",8
820,418,"r","3",1
820,420,"o","4",3
820,427,"o","4",3
820,688,"o","4",3
821,212,"f","4",8
822,346,"f","4",8
822,418,"s","2",1
822,420,"s","2",1
822,427,"o","4",3
822,688,"f","4",8
823,427,"o","4",3
823,688,"o","4",3
824,346,"r","3",1
824,420,"o","3",3
824,427,"o","4",3
824,688,"o","4",3
824,1324,"r","4",1
825,549,"r","3",1
825,1324,"r","4",1
829,346,"o","4",3
829,427,"o","4",3
829,688,"a","5",15
829,1324,"f","5",8
831,1324,"a","5",15
833,418,"o","4",3
833,688,"o","4",3
835,427,"o","4",3
835,688,"f","4",8
835,1324,"a","5",15
836,688,"f","4",8
836,1324,"a","4",15
838,420,"s","2",1
839,346,"o","3",3
839,420,"r","3",1
839,427,"o","4",3
840,418,"r","4",1
840,420,"s","2",1
840,688,"o","4",3
841,473,"o","3",3
841,1324,"o","4",3
842,427,"o","4",3
842,688,"f","4",8
842,1099,"s","2",1
842,1324,"a","5",15
844,427,"f","4",8
846,427,"o","4",3
846,688,"o","4",3
850,346,"r","3",1
850,418,"r","3",1
850,420,"r","3",1
850,427,"o","4",3
850,688,"o","4",3
854,688,"o","4",3
856,688,"o","4",3
857,427,"f","4",8
857,688,"f","4",8
859,346,"r","3",1
859,420,"r","3",1
859,427,"f","4",8
859,688,"a","5",15
859,1099,"s","2",1
859,1324,"f","4",8
860,427,"f","5",8
860,688,"f","5",8
861,420,"r","3",1
861,427,"f","4",8
861,688,"f","4",8
861,1324,"f","5",8
862,427,"o","4",3
862,688,"o","4",3
863,326,"s","2",1
863,418,"r","3",1
863,420,"o","4",3
863,427,"o","4",3
863,688,"o","4",3
864,420,"s","2",1
864,427,"f","4",8
865,427,"f","4",8
865,1099,"r","3",1
866,427,"f","4",8
866,1099,"r","3",1
867,326,"s","2",1
867,427,"a","5",15
875,418,"o","4",3
875,420,"o","4",3
875,427,"o","4",3
875,688,"o","4",3
875,3011,"r","3",1
875,1324,"r","4",1
877,688,"a","5",15
877,1324,"f","5",8
878,427,"f","5",8
878,688,"o","4",3
878,1324,"r","4",1
882,420,"r","3",1
882,427,"o","4",3
882,688,"o","4",3
883,427,"o","4",3
883,688,"o","4",3
884,418,"o","4",3
884,420,"o","4",3
884,688,"o","4",3
885,427,"f","4",8
885,1099,"r","3",1
886,427,"o","4",3
886,688,"f","4",8
886,1324,"r","3",1
889,688,"f","5",8
889,1099,"r","3",1
889,1324,"f","5",8
890,427,"f","4",8
890,688,"f","4",8
891,427,"o","4",3
891,688,"o","4",3
892,418,"o","4",3
892,420,"r","3",1
892,427,"o","4",3
892,688,"o","4",3
894,427,"f","4",8
895,420,"o","4",3
895,427,"o","4",3
896,427,"f","4",8
897,427,"o","4",3
897,651,"o","3",3
897,688,"o","4",3
897,714,"s","2",1
898,427,"f","5",8
898,688,"f","5",8
898,1099,"r","3",1
899,427,"f","4",8
899,651,"o","3",3
899,688,"f","4",8
900,418,"o","4",3
900,420,"r","3",1
900,427,"o","4",3
900,688,"o","4",3
900,1324,"r","4",1
901,427,"f","4",8
901,688,"o","4",3
905,427,"o","4",3
905,688,"o","4",3
905,1324,"o","5",3
908,346,"r","3",1
908,418,"r","3",1
908,427,"o","4",3
908,688,"f","4",8
908,1099,"r","3",1
908,1324,"r","4",1
910,427,"f","4",8
910,1099,"r","3",1
912,1183,"o","2",3
913,187,"f","5",8
913,714,"f","4",8
913,1275,"o","3",3
914,346,"d","5",60
915,187,"o","3",3
916,187,"a","4",15
916,248,"o","4",3
916,714,"f","4",8
916,821,"s","4",1
916,1183,"o","2",3
916,1275,"f","4",8
916,1362,"o","3",3
917,248,"la","5",9
917,346,"o","4",3
919,248,"o","3",3
919,346,"d","5",60
920,187,"o","3",3
920,248,"f","4",8
920,346,"a","5",15
920,1362,"o","3",3
922,187,"o","3",3
922,346,"o","3",3
922,714,"o","3",3
922,1275,"o","2",3
923,248,"o","4",3
923,346,"a","5",15
924,187,"a","5",15
925,187,"o","5",3
925,248,"s","3",1
925,1183,"s","3",1
926,187,"o","3",3
926,714,"f","4",8
927,346,"a","5",15
928,187,"f","4",8
928,346,"o","3",3
928,714,"f","3",8
928,1362,"lf","3",3
929,346,"d","5",60
930,187,"f","3",8
930,626,"f","4",8
930,714,"la","4",9
930,1275,"o","3",3
931,187,"a","3",15
931,1275,"s","1",1
933,346,"d","5",60
934,187,"f","4",8
934,346,"lf","4",3
934,714,"f","4",8
935,346,"a","5",15
936,346,"o","3",3
939,187,"o","3",3
940,346,"d","5",60
941,212,"f","4",8
942,212,"f","3",8
947,1099,"s","1",1
949,427,"ld","5",22
949,1099,"r","2",1
951,1099,"r","2",1
953,420,"o","4",3
953,427,"o","3",3
956,420,"o","4",3
957,420,"o","4",3
958,420,"o","4",3
962,427,"a","5",15
962,1099,"o","3",3
966,427,"f","4",8
968,346,"o","3",3
968,420,"f","5",8
968,427,"d","5",60
968,688,"f","4",8
969,427,"la","5",9
970,427,"ld","5",22
970,1099,"r","3",1
970,1255,"o","3",3
973,427,"f","4",8
973,688,"f","5",8
973,1099,"o","3",3
974,427,"f","3",8
974,1099,"o","3",3
975,688,"o","3",3
976,427,"f","4",8
977,427,"f","5",8
977,688,"o","3",3
979,427,"la","4",9
981,420,"o","3",3
981,427,"r","2",1
981,688,"s","2",1
982,228,"r","2",1
982,418,"lf","4",3
982,420,"lf","4",3
982,427,"lf","4",3
982,688,"o","3",3
982,3172,"lf","4",3
983,346,"r","2",1
983,427,"a","5",15
983,688,"o","2",3
984,418,"lf","5",3
984,420,"o","4",3
984,427,"o","4",3
984,688,"o","2",3
985,420,"r","2",1
985,427,"lf","5",3
985,688,"o","3",3
985,1099,"o","3",3
986,427,"ld","5",22
987,427,"ld","5",22
988,427,"ld","5",22
989,427,"ld","5",22
990,427,"ld","5",22
991,420,"o","3",3
991,427,"ld","5",22
993,427,"la","4",9
994,418,"o","3",3
994,420,"o","4",3
994,427,"f","5",8
995,418,"o","3",3
995,420,"o","4",3
995,427,"f","5",8
996,427,"la","5",9
996,1099,"s","1",1
997,1099,"s","2",1
998,427,"o","3",3
999,427,"la","5",9
999,1255,"r","3",1
1000,427,"d","5",60
1001,427,"o","3",3
1006,427,"f","4",8
1008,427,"lf","4",3
1010,1099,"o","3",3
1017,1099,"o","3",3
1035,212,"o","3",3
1038,427,"f","4",8
1038,1099,"o","3",3
1041,427,"la","5",9
1042,427,"f","4",8
1043,427,"o","3",3
1044,427,"la","5",9
1044,1255,"o","3",3
1045,427,"f","4",8
1045,688,"o","3",3
1055,346,"la","4",9
1056,346,"f","5",8
1059,346,"la","5",9
1060,714,"lf","4",3
1060,346,"f","4",8
1060,187,"f","3",8
1061,1183,"f","3",8
1064,420,"r","3",1
1064,688,"f","5",8
1064,427,"f","5",8
1064,1324,"r","3",1
1067,651,"s","1",1
1068,420,"r","3",1
1068,688,"o","4",3
1068,427,"o","4",3
1068,908,"s","1",1
1070,427,"f","4",8
1071,418,"r","3",1
1071,420,"o","4",3
1071,427,"o","4",3
1072,427,"f","4",8
1074,418,"r","3",1
1074,420,"o","4",3
1075,427,"o","4",3
1076,427,"f","4",8
1077,1099,"r","3",1
1077,427,"f","4",8
1079,1099,"f","3",8
1079,427,"r","3",1
1081,1099,"o","3",3
1082,997,"o","3",3
1082,1099,"f","4",8
1082,427,"o","3",3
1085,1099,"r","3",1
1086,420,"s","2",1
1086,688,"o","4",3
1086,427,"f","4",8
1087,420,"o","4",3
1087,688,"o","4",3
1087,427,"o","4",3
1088,427,"f","5",8
1089,420,"r","3",1
1089,427,"f","5",8
1090,427,"f","4",8
1091,420,"r","3",1
1091,427,"f","4",8
1092,418,"r","3",1
1092,420,"f","5",8
1092,688,"o","4",3
1092,427,"o","4",3
1093,427,"f","5",8
1094,427,"f","4",8
1094,688,"o","4",3
1094,420,"o","4",3
1095,427,"f","5",8
1096,420,"o","3",3
1096,688,"o","4",3
1096,427,"o","4",3
1098,427,"o","4",3
1099,427,"f","4",8
1100,427,"f","4",8
1101,427,"f","4",8
1102,427,"f","4",8
1103,1099,"o","3",3
1104,427,"f","4",8
1106,427,"o","4",3
1107,638,"f","5",8
1109,427,"f","5",8
1110,427,"a","5",15
1111,1099,"f","4",8
1111,346,"o","4",3
1112,427,"f","5",8
1113,260,"o","4",3
1113,418,"f","5",8
1113,420,"o","3",3
1113,688,"r","3",1
1113,3011,"r","4",1
1114,212,"r","2",1
1114,237,"o","3",3
1114,418,"o","4",3
1114,420,"s","1",1
1114,688,"f","5",8
1114,346,"o","3",3
1114,427,"f","4",8
1114,1324,"lf","4",3
1115,260,"r","4",1
1115,688,"f","5",8
1115,346,"f","4",8
1115,427,"f","5",8
1117,260,"o","4",3
1117,418,"f","4",8
1117,420,"s","1",1
1117,688,"f","5",8
1117,427,"o","4",3
1119,212,"f","4",8
1119,420,"r","2",1
1119,688,"r","3",1
1119,1099,"r","2",1
1119,427,"f","5",8
1120,212,"f","5",8
1121,212,"o","3",3
1121,237,"r","2",1
1121,688,"o","5",3
1121,427,"o","4",3
1123,212,"o","3",3
1123,688,"r","3",1
1123,346,"r","3",1
1123,427,"o","4",3
1123,849,"r","3",1
1124,212,"r","3",1
1124,237,"r","3",1
1125,688,"o","3",3
1125,427,"a","5",15
1126,849,"d","4",60
1127,212,"o","3",3
1127,688,"f","5",8
1130,212,"f","4",8
1130,237,"r","2",1
1130,420,"r","2",1
1130,688,"o","5",3
1130,908,"s","1",1
1130,1099,"r","3",1
1132,420,"r","3",1
1132,688,"o","4",3
1132,427,"o","4",3
1133,849,"d","3",60
1134,427,"f","5",8
1135,237,"o","3",3
1135,346,"s","1",1
1135,427,"a","5",15
1136,212,"o","3",3
1136,427,"f","5",8
1137,212,"o","4",3
1137,688,"o","5",3
1137,1099,"r","2",1
1137,427,"f","5",8
1138,212,"o","5",3
1138,688,"o","4",3
1138,427,"r","3",1
1139,688,"o","3",3
1139,427,"f","4",8
1140,420,"s","2",1
1140,688,"o","3",3
1140,427,"f","4",8
1141,420,"s","2",1
1141,688,"o","4",3
1141,427,"o","4",3
1142,688,"o","3",3
1142,427,"f","5",8
1143,212,"o","3",3
1146,212,"o","4",3
1146,260,"o","4",3
1146,420,"r","3",1
1146,688,"o","4",3
1146,427,"o","4",3
1146,3011,"r","4",1
1146,3172,"r","4",1
1148,212,"o","3",3
1149,260,"o","3",3
1151,260,"o","3",3
1151,688,"f","4",8
1151,239,"la","5",9
2529,212,"ld","4",22
1154,688,"o","3",3
1154,346,"r","3",1
1155,997,"o","3",3
1155,1099,"o","3",3
1155,1255,"la","5",9
1156,1099,"o","3",3
1156,1255,"o","3",3
1159,346,"r","2",1
1159,1324,"o","5",3
1159,1230,"f","5",8
1162,219,"o","3",3
1162,418,"f","5",8
1162,688,"o","5",3
1164,219,"r","2",1
1164,260,"o","5",3
1164,418,"o","4",3
1164,688,"f","5",8
1164,346,"o","3",3
1164,1099,"o","3",3
1164,427,"o","4",3
1164,1324,"r","5",1
1164,1230,"r","4",1
1164,326,"s","2",1
1167,1099,"f","3",8
1167,1255,"r","2",1
1167,638,"o","5",3
1168,890,"r","2",1
1168,418,"o","4",3
1168,420,"r","2",1
1168,1099,"r","1",1
1168,427,"o","5",3
1170,1099,"f","4",8
1170,1255,"o","4",3
1170,638,"s","1",1
1172,688,"o","4",3
1172,1230,"a","4",15
1174,219,"s","1",1
1174,260,"r","4",1
1174,418,"o","4",3
1174,688,"f","5",8
1174,346,"o","3",3
1174,427,"o","5",3
1174,1324,"r","5",1
1174,1230,"s","3",1
1174,326,"s","1",1
1174,1199,"s","1",1
1175,228,"s","1",1
1175,427,"o","3",3
1176,212,"o","4",3
1176,427,"o","3",3
1177,212,"o","4",3
1177,890,"s","1",1
1177,456,"s","1",1
1177,688,"r","4",1
1177,1099,"s","1",1
1177,427,"o","5",3
1177,1230,"r","3",1
1178,212,"a","5",15
1178,427,"r","3",1
1180,212,"r","4",1
1180,237,"s","1",1
1180,688,"s","3",1
1180,1324,"r","5",1
1182,212,"o","3",3
1182,337,"s","2",1
1182,688,"la","5",9
1182,427,"o","4",3
1182,1324,"o","5",3
1182,890,"s","2",1
1183,260,"r","3",1
1183,463,"r","3",1
1183,1099,"s","2",1
1183,1230,"s","3",1
1185,212,"o","4",3
1185,890,"r","2",1
1185,688,"o","4",3
1185,1099,"r","3",1
1185,427,"o","5",3
1185,1324,"o","5",3
1185,1327,"o","3",3
1187,212,"r","3",1
1187,418,"o","4",3
1187,420,"o","3",3
1187,688,"o","5",3
1187,427,"o","4",3
1187,1324,"o","5",3
1190,212,"o","4",3
1190,1099,"r","2",1
1190,427,"o","4",3
1190,651,"s","1",1
1190,1255,"r","5",1
1194,212,"r","4",1
1194,260,"o","3",3
1194,418,"o","4",3
1194,688,"f","5",8
1194,427,"o","5",3
1194,1324,"r","5",1
1194,651,"s","1",1
1194,821,"r","3",1
1195,418,"f","4",8
1195,420,"o","3",3
1196,212,"o","3",3
1196,463,"r","3",1
1196,714,"a","5",15
1196,346,"o","3",3
1196,427,"o","5",3
1196,1324,"o","5",3
1196,1230,"o","4",3
1196,326,"s","1",1
1202,212,"o","3",3
1202,260,"r","3",1
1202,463,"f","3",8
1202,688,"f","5",8
1202,346,"d","3",60
1202,1099,"r","3",1
1202,427,"f","5",8
1202,1324,"a","5",15
1202,326,"f","4",8
1202,821,"r","3",1
1206,212,"r","3",1
1206,260,"o","4",3
1206,890,"lf","3",3
1206,418,"o","4",3
1206,463,"f","4",8
1206,688,"f","5",8
1206,346,"f","5",8
1206,1099,"r","3",1
1206,326,"r","2",1
1206,239,"f","5",8
1206,1051,"s","1",1
1206,1230,"r","4",1
1206,1199,"s","1",1
1207,212,"o","3",3
1209,212,"r","3",1
1211,420,"s","2",1
1211,1324,"r","4",1
1213,212,"r","2",1
1213,248,"s","2",1
1213,260,"o","3",3
1213,463,"s","1",1
1213,688,"a","5",15
1213,1324,"a","5",15
1214,219,"s","1",1
1214,260,"o","4",3
1214,418,"o","5",3
1214,688,"f","5",8
1214,427,"r","4",1
1215,418,"f","5",8
1216,260,"r","3",1
1216,418,"o","5",3
1216,688,"f","5",8
1216,427,"r","4",1
1216,1324,"r","4",1
1216,1230,"r","4",1
1217,1324,"o","5",3
1217,1230,"f","5",8
1222,456,"o","4",3
1223,997,"f","5",8
1224,997,"f","4",8
1313,1099,"r","2",1
1315,997,"la","4",9
1315,1099,"f","3",8
1315,1255,"o","3",3
1316,688,"o","4",3
1316,346,"o","3",3
1316,427,"la","5",9
1316,1324,"r","4",1
1317,248,"a","5",15
1317,1199,"f","4",8
1317,418,"o","4",3
1317,857,"o","3",3
1317,924,"s","2",1
1318,688,"o","3",3
1318,427,"o","4",3
1320,420,"r","2",1
1320,688,"r","3",1
1321,427,"o","4",3
1322,688,"o","4",3
1323,688,"f","5",8
1324,997,"la","3",9
1324,1099,"r","2",1
1324,1255,"a","4",15
1325,248,"r","4",1
1325,1199,"lf","4",3
1325,688,"o","5",3
1325,549,"s","1",1
1326,1099,"r","2",1
1230,1099,"s","1",1
1233,997,"a","5",15
1239,997,"a","5",15
1478,420,"f","4",8
1479,420,"f","4",8
1479,427,"lf","4",3
1481,420,"r","2",1
1483,890,"s","2",1
1483,420,"f","4",8
1483,427,"o","3",3
1486,212,"f","5",8
1486,1275,"o","3",3
1487,427,"lf","4",3
1488,427,"la","5",9
1489,427,"ld","5",22
1490,688,"f","4",8
1491,420,"r","2",1
1491,688,"o","4",3
1491,427,"o","3",3
1493,420,"lf","3",3
1493,427,"f","5",8
1494,420,"la","5",9
1494,427,"o","3",3
1495,212,"o","3",3
1495,420,"lf","4",3
1495,427,"f","5",8
1496,1099,"r","3",1
1497,688,"o","4",3
1497,1099,"s","1",1
1497,427,"r","3",1
1498,1099,"f","3",8
1498,178,"a","4",15
1499,427,"f","5",8
1500,1275,"o","3",3
1500,427,"f","5",8
1502,427,"f","4",8
1281,997,"a","5",15
1284,985,"f","4",8
1286,997,"f","4",8
1286,985,"o","3",3
1299,1099,"o","3",3
1299,1255,"s","2",1
1301,1099,"f","4",8
1301,1255,"o","3",3
1301,427,"f","4",8
1328,212,"r","2",1
1328,1099,"lf","3",3
1328,427,"lf","4",3
1329,212,"o","3",3
1329,346,"r","2",1
1329,1099,"o","3",3
1329,427,"a","5",15
1330,212,"f","5",8
1330,427,"a","5",15
1333,212,"r","3",1
1336,1099,"r","2",1
1336,427,"a","5",15
1337,1099,"o","3",3
1337,427,"a","5",15
1341,1099,"r","2",1
1343,1099,"o","3",3
1344,997,"ld","5",22
1344,1255,"ld","5",22
1345,997,"lf","5",3
1345,1099,"o","3",3
1345,1255,"o","3",3
1346,997,"lf","5",3
1346,1255,"o","3",3
1347,997,"lf","4",3
1347,1099,"o","3",3
1347,427,"lf","4",3
1348,1099,"r","2",1
1348,427,"la","4",9
1349,997,"r","3",1
1349,1099,"r","3",1
1349,1255,"o","3",3
1350,997,"o","4",3
1350,1099,"r","3",1
1350,1255,"o","3",3
1351,1099,"r","3",1
1351,1255,"r","3",1
1351,427,"o","3",3
1352,997,"r","3",1
1352,1099,"r","3",1
1352,1255,"s","2",1
1353,1099,"r","3",1
1353,1255,"s","2",1
1353,427,"la","4",9
1353,985,"s","3",1
1354,997,"o","4",3
1354,1099,"s","2",1
1357,212,"r","3",1
1357,1099,"r","3",1
1357,1255,"la","4",9
1357,427,"o","4",3
1358,997,"r","3",1
1358,1099,"o","3",3
1358,427,"lf","4",3
1359,997,"r","3",1
1359,1099,"o","3",3
1359,427,"lf","4",3
1367,427,"o","3",3
1368,1099,"r","2",1
1370,427,"f","4",8
1371,420,"f","5",8
1371,688,"o","4",3
1371,427,"o","3",3
1372,688,"o","3",3
1372,997,"o","3",3
1372,1099,"r","2",1
1372,427,"ld","5",22
1372,2153,"o","3",3
1373,420,"lf","5",3
1373,688,"o","3",3
1373,427,"o","4",3
1374,997,"o","3",3
1374,427,"ld","5",22
1374,2153,"o","3",3
1375,427,"o","3",3
1376,420,"lf","4",3
1376,997,"o","3",3
1376,2153,"o","3",3
1377,688,"o","3",3
1377,1099,"r","2",1
1377,427,"f","4",8
1378,420,"lf","5",3
1378,688,"o","4",3
1378,427,"lf","4",3
1379,427,"lf","3",3
1382,420,"o","3",3
1382,688,"r","2",1
1383,420,"lf","4",3
1383,456,"r","2",1
1383,688,"r","3",1
1383,427,"la","5",9
1384,427,"f","4",8
1386,427,"o","3",3
1387,420,"lf","3",3
1387,688,"lf","3",3
1387,427,"r","2",1
1388,688,"o","3",3
1388,427,"lf","3",3
1389,420,"o","3",3
1390,420,"lf","4",3
1392,178,"f","4",8
1395,1099,"r","2",1
1395,427,"f","4",8
1397,1099,"o","3",3
1397,427,"lf","4",3
1398,420,"f","5",8
1399,346,"o","3",3
1399,1255,"o","3",3
1399,427,"lf","5",3
1400,420,"lf","4",3
1400,346,"o","3",3
1400,427,"o","3",3
1402,420,"o","3",3
1402,688,"lf","5",3
1402,346,"o","3",3
1402,427,"lf","5",3
1403,420,"o","3",3
1403,688,"la","5",9
1403,427,"f","5",8
1404,420,"f","4",8
1404,688,"o","3",3
1404,427,"lf","4",3
1405,420,"o","3",3
1405,688,"la","4",9
1405,1099,"o","3",3
1405,427,"lf","5",3
1406,420,"lo","3",1
1406,688,"la","5",9
1406,427,"lf","5",3
1407,420,"r","3",1
1407,688,"f","5",8
1407,427,"f","5",8
1409,688,"lf","4",3
1409,427,"lf","4",3
1410,420,"o","3",3
1410,688,"la","5",9
1410,346,"o","4",3
1410,427,"f","5",8
1411,688,"o","3",3
1411,427,"lf","4",3
1412,427,"lf","4",3
1413,427,"lf","3",3
1414,427,"o","3",3
1415,427,"f","5",8
1416,1099,"o","3",3
1416,427,"o","3",3
1417,212,"r","2",1
1417,427,"o","3",3
1418,212,"o","3",3
1418,420,"o","3",3
1418,427,"a","5",15
1419,420,"o","3",3
1419,427,"a","5",15
1420,212,"la","5",9
1421,1255,"f","4",8
1421,427,"lf","4",3
1421,178,"lf","4",3
1422,212,"o","3",3
1422,427,"o","3",3
1422,670,"o","3",3
1423,420,"f","4",8
1423,427,"f","4",8
1424,427,"o","4",3
1424,1099,"s","1",1
1426,420,"lf","3",3
1426,427,"f","4",8
1427,427,"o","3",3
1428,212,"la","5",9
1429,420,"o","3",3
1429,427,"f","5",8
1430,420,"o","3",3
1432,212,"ld","5",22
1433,212,"r","2",1
1433,420,"o","3",3
1433,427,"f","5",8
1434,420,"r","2",1
1434,688,"a","5",15
1434,427,"o","3",3
1435,420,"o","3",3
1435,427,"o","3",3
1437,420,"o","4",3
1437,688,"r","3",1
1438,420,"f","5",8
1440,420,"f","5",8
1441,420,"f","5",8
1442,420,"f","4",8
1444,1275,"lf","4",3
1445,420,"f","5",8
1445,688,"o","4",3
1445,427,"r","3",1
1449,420,"o","3",3
1449,688,"r","3",1
1450,420,"s","2",1
1451,427,"f","5",8
1453,427,"o","3",3
1454,688,"o","3",3
1454,1255,"f","4",8
1455,688,"o","3",3
1456,427,"o","3",3
1458,688,"o","3",3
1458,1255,"lf","4",3
1458,463,"s","3",1
1459,427,"o","3",3
1459,178,"r","4",1
1461,688,"r","5",1
1461,427,"d","5",60
1463,212,"r","3",1
1463,418,"o","3",3
1463,420,"f","5",8
1463,688,"o","4",3
1463,427,"f","5",8
1465,212,"o","3",3
1465,418,"o","4",3
1465,420,"f","5",8
1465,456,"o","3",3
1465,688,"f","4",8
1465,427,"o","4",3
1466,427,"o","2",3
1467,212,"o","2",3
1467,420,"o","3",3
1467,427,"r","2",1
1468,418,"r","2",1
1468,420,"f","5",8
1469,212,"o","3",3
1469,420,"o","2",3
1469,688,"lf","5",3
1469,427,"o","3",3
1470,418,"r","2",1
1470,420,"f","5",8
1471,420,"f","5",8
1471,456,"r","2",1
1471,688,"r","2",1
1473,420,"s","1",1
1473,688,"f","5",8
1474,212,"r","2",1
1474,420,"o","3",3
1474,427,"f","5",8
1476,688,"o","3",3
1476,1275,"o","4",3
1476,427,"f","5",8
1477,420,"o","3",3
1477,427,"f","5",8
1553,1099,"o","2",3
1553,427,"la","4",9
1553,178,"r","2",1
1554,1099,"f","3",8
1554,178,"s","2",1
1555,427,"la","5",9
1557,427,"r","3",1
1559,427,"f","5",8
1562,427,"o","3",3
1564,212,"r","2",1
1564,427,"f","4",8
1565,212,"lf","4",3
1567,212,"o","3",3
1570,420,"f","5",8
1570,427,"o","3",3
1571,420,"lf","4",3
1572,420,"r","2",1
1572,688,"r","3",1
1572,427,"r","2",1
1573,420,"f","5",8
1573,688,"lf","4",3
1573,427,"o","4",3
1574,420,"f","5",8
1574,427,"r","3",1
1575,1099,"o","4",3
1575,427,"lf","5",3
1576,420,"f","5",8
1576,427,"o","3",3
1577,212,"o","3",3
1577,1099,"o","3",3
1577,427,"o","3",3
1578,427,"f","3",8
1579,427,"f","3",8
1581,420,"f","5",8
1581,427,"o","3",3
1582,420,"f","5",8
1583,420,"o","3",3
1583,427,"f","4",8
1584,420,"s","2",1
1584,688,"lf","4",3
1585,1099,"o","3",3
1585,427,"o","4",3
1586,420,"f","5",8
1587,420,"f","5",8
1588,890,"f","3",8
1588,688,"f","5",8
1588,427,"f","4",8
1589,212,"r","3",1
1590,1099,"o","3",3
1590,427,"o","3",3
1591,1099,"o","3",3
1591,427,"o","3",3
1592,248,"o","4",3
1592,1199,"o","3",3
1593,248,"o","3",3
1593,1199,"r","3",1
1596,237,"f","3",8
1596,688,"f","4",8
1596,427,"f","4",8
1596,1327,"f","4",8
1597,221,"s","2",1
1597,418,"r","3",1
1597,688,"d","5",60
1597,346,"o","4",3
1597,427,"r","3",1
1597,1324,"f","5",8
1597,3172,"r","3",1
1598,418,"o","3",3
1598,688,"d","5",60
1598,1324,"f","4",8
1599,418,"f","4",8
1599,688,"a","5",15
1599,346,"o","3",3
1600,260,"f","4",8
1600,418,"a","5",15
1600,688,"o","4",3
1600,326,"s","1",1
1601,237,"s","2",1
1601,418,"o","3",3
1601,688,"d","5",60
1601,346,"o","3",3
1601,1324,"f","4",8
1602,228,"o","4",3
1602,418,"f","4",8
1602,688,"o","4",3
1602,346,"r","3",1
1603,418,"f","4",8
1603,688,"o","3",3
1603,346,"o","3",3
1603,427,"o","3",3
1604,418,"o","3",3
1604,688,"d","5",60
1604,346,"o","3",3
1604,1324,"f","5",8
1605,418,"f","4",8
1605,688,"o","3",3
1608,418,"s","3",1
1608,688,"r","4",1
1608,427,"r","3",1
1611,688,"f","4",8
1611,346,"r","3",1
1611,427,"f","4",8
1612,688,"a","4",15
1612,346,"o","3",3
1612,427,"f","4",8
1612,1051,"a","2",15
1613,418,"o","4",3
1613,420,"s","2",1
1613,688,"f","4",8
1613,346,"r","3",1
1613,1327,"r","3",1
1613,821,"s","3",1
1616,418,"o","3",3
1616,688,"f","4",8
1617,1051,"s","1",1
1617,456,"r","2",1
1618,326,"s","1",1
1619,427,"f","5",8
1620,418,"r","3",1
1620,688,"r","3",1
1620,427,"f","5",8
1621,427,"lf","4",3
1623,420,"s","1",1
1623,346,"o","3",3
1623,1099,"s","1",1
1623,427,"f","5",8
1625,427,"f","4",8
1626,427,"f","5",8
1627,1099,"r","2",1
1628,1099,"o","3",3
1628,427,"o","3",3
1629,427,"lf","4",3
1629,178,"s","2",1
1630,427,"o","3",3
1631,427,"lf","4",3
1631,178,"ld","5",22
1632,427,"o","3",3
1634,688,"lf","3",3
1634,427,"lf","3",3
1635,427,"d","5",60
1636,427,"f","5",8
1637,420,"o","3",3
1637,427,"lf","4",3
1639,427,"o","3",3
1640,427,"f","4",8
1642,427,"s","1",1
1647,427,"lf","5",3
1649,1099,"r","2",1
1649,1255,"o","4",3
1649,427,"la","5",9
1650,427,"f","5",8
1652,420,"o","3",3
1652,688,"r","3",1
1653,427,"d","5",60
1654,427,"a","5",15
1655,427,"la","5",9
1656,427,"la","5",9
1657,997,"o","4",3
1658,1099,"o","3",3
1658,427,"f","5",8
1659,427,"f","5",8
1660,427,"d","5",60
1662,427,"lf","4",3
1663,427,"a","5",15
1664,427,"f","5",8
1665,1099,"o","3",3
1665,427,"ld","5",22
1666,427,"f","4",8
1667,427,"lf","4",3
1668,427,"lf","4",3
1669,1099,"o","3",3
1669,427,"lf","4",3
1670,427,"lf","4",3
1671,427,"la","5",9
1673,427,"f","5",8
1674,997,"f","5",8
1674,1099,"o","3",3
1677,212,"o","4",3
1677,219,"s","1",1
1677,890,"s","1",1
1677,688,"o","4",3
1677,346,"f","4",8
1677,427,"la","5",9
1677,1324,"o","3",3
1677,456,"r","2",1
1677,1051,"f","4",8
1677,187,"lf","3",3
1803,420,"o","3",3
1805,1327,"f","4",8
1806,420,"r","3",1
1806,456,"r","2",1
1806,688,"r","3",1
1807,418,"o","3",3
1807,420,"o","3",3
1808,219,"s","2",1
1808,228,"s","2",1
1808,418,"a","5",15
1808,688,"f","4",8
1809,418,"o","4",3
1809,420,"o","3",3
1809,456,"r","3",1
1809,688,"f","5",8
1809,427,"f","5",8
1811,1327,"o","3",3
1813,1324,"r","4",1
1813,219,"s","1",1
1813,418,"f","5",8
1813,688,"a","5",15
1813,346,"f","4",8
1813,427,"o","4",3
1815,212,"o","3",3
1815,221,"r","3",1
1815,688,"a","5",15
1815,346,"o","3",3
1815,1324,"f","4",8
1815,2991,"a","5",15
1815,748,"lf","4",3
1818,1255,"s","1",1
1818,1327,"o","3",3
1819,212,"r","2",1
1819,219,"s","1",1
1819,418,"f","5",8
1819,420,"o","3",3
1819,456,"r","2",1
1819,688,"f","4",8
1819,346,"o","3",3
1819,427,"o","3",3
1819,1324,"r","4",1
1819,1327,"r","2",1
1819,2991,"r","4",1
1819,326,"s","1",1
1819,748,"r","3",1
1822,418,"o","4",3
1822,688,"o","4",3
1822,427,"r","3",1
1823,248,"o","4",3
1823,1199,"f","4",8
1823,857,"o","4",3
1824,248,"o","3",3
1824,1199,"o","3",3
1826,228,"s","1",1
1826,418,"f","5",8
1826,688,"a","5",15
1826,1324,"o","4",3
1826,3011,"r","4",1
1827,418,"o","4",3
1827,688,"a","5",15
1827,346,"o","3",3
1827,1324,"o","3",3
2509,221,"o","3",3
2509,220,"o","3",3
1828,248,"o","4",3
1828,418,"a","5",15
1828,688,"f","4",8
1828,346,"o","3",3
1828,1324,"r","4",1
1828,1230,"s","3",1
1828,2116,"r","3",1
1829,427,"o","3",3
1829,1327,"o","3",3
1831,228,"f","4",8
1831,248,"f","3",8
1831,1199,"o","3",3
1831,418,"o","3",3
1832,228,"o","3",3
1832,248,"r","3",1
1832,1199,"r","3",1
1832,418,"o","4",3
1832,688,"d","5",60
1832,346,"o","3",3
1833,418,"a","4",15
1833,688,"f","4",8
1834,228,"o","4",3
1834,248,"o","3",3
1834,418,"o","3",3
1834,688,"d","5",60
1834,346,"o","3",3
1834,1385,"r","2",1
1835,219,"o","3",3
1835,228,"o","4",3
1835,248,"o","3",3
1835,418,"o","4",3
1835,688,"d","5",60
1835,346,"o","3",3
1836,228,"r","4",1
1836,418,"a","5",15
1836,688,"o","4",3
1836,3016,"o","4",3
1838,418,"o","3",3
1839,418,"a","4",15
1840,418,"a","5",15
1840,688,"o","4",3
1840,346,"o","3",3
1840,1099,"s","2",1
1840,1324,"r","4",1
1842,337,"f","4",8
1842,1199,"r","3",1
1842,418,"o","3",3
1842,420,"r","3",1
1842,688,"f","4",8
1842,346,"o","3",3
1842,427,"o","3",3
1843,219,"s","1",1
1843,248,"r","3",1
1843,418,"f","4",8
1843,688,"d","5",60
1843,346,"o","3",3
1843,1324,"r","3",1
1843,1327,"s","2",1
1843,3011,"r","4",1
1845,228,"r","3",1
1845,418,"f","4",8
1845,688,"f","4",8
1845,346,"o","3",3
1845,427,"r","3",1
1845,1324,"r","4",1
1846,228,"r","3",1
1846,418,"f","4",8
1846,688,"o","4",3
1846,1324,"r","4",1
1846,239,"o","5",3
1847,228,"r","4",1
1847,418,"f","5",8
1847,688,"o","3",3
1847,1324,"r","4",1
1847,239,"r","4",1
1852,418,"f","4",8
1852,688,"d","5",60
1852,346,"o","3",3
1852,427,"o","3",3
1852,1327,"r","2",1
1853,418,"a","5",15
1853,688,"f","4",8
1853,346,"o","3",3
1853,1324,"r","4",1
1855,228,"r","3",1
1855,418,"f","4",8
1857,228,"o","4",3
1857,418,"f","4",8
1858,418,"a","5",15
1858,688,"f","5",8
1858,346,"o","3",3
1858,1324,"r","4",1
1860,212,"o","3",3
1860,1199,"s","2",1
1860,456,"s","1",1
1860,688,"o","3",3
1860,1099,"o","2",3
1860,1183,"f","4",8
1861,418,"o","3",3
1861,688,"d","5",60
1863,418,"lf","5",3
1863,688,"ld","5",22
1507,420,"o","3",3
1507,427,"f","5",8
1507,1099,"s","2",1
1508,420,"f","5",8
1508,427,"r","2",1
1509,420,"f","5",8
1509,427,"r","3",1
1510,420,"f","5",8
1510,688,"r","4",1
1510,427,"o","3",3
1511,420,"f","5",8
1511,427,"o","4",3
1512,427,"f","5",8
1513,427,"lf","4",3
1514,1099,"o","3",3
1517,1099,"o","3",3
1522,212,"lf","4",3
1524,420,"lf","5",3
1524,427,"o","3",3
1525,420,"o","3",3
1525,427,"o","3",3
1526,1099,"r","2",1
1526,178,"o","4",3
1528,212,"o","3",3
1528,427,"f","5",8
1529,427,"o","3",3
1531,212,"r","2",1
1531,427,"o","3",3
1532,212,"r","2",1
1532,427,"f","4",8
1533,212,"r","2",1
1533,420,"o","3",3
1533,427,"o","4",3
1534,420,"o","5",3
1534,688,"o","3",3
1534,427,"o","4",3
1535,420,"o","4",3
1535,427,"o","4",3
1535,178,"s","1",1
1536,427,"f","5",8
1538,427,"f","4",8
1539,427,"f","5",8
1540,1099,"o","3",3
1540,1255,"r","2",1
1541,212,"o","3",3
1541,1275,"r","2",1
1541,427,"o","4",3
1542,427,"r","3",1
1544,420,"f","5",8
1544,346,"lf","4",3
1544,427,"o","3",3
1545,212,"f","4",8
1545,1099,"r","2",1
1545,427,"o","3",3
1546,420,"lf","5",3
1546,427,"lf","5",3
1547,212,"f","3",8
1550,427,"la","5",9
1551,688,"r","3",1
1551,1099,"f","3",8
1551,427,"o","3",3
1552,427,"lf","4",3
1680,1099,"f","3",8
1680,427,"a","5",15
1681,212,"s","2",1
1681,221,"s","1",1
1681,1199,"lf","3",3
1681,420,"s","1",1
1681,473,"r","2",1
1681,857,"o","3",3
1681,549,"r","2",1
1682,1255,"a","4",15
1682,638,"a","4",15
1683,212,"r","2",1
1683,1099,"r","2",1
1683,456,"s","1",1
1685,248,"r","3",1
1685,1199,"f","4",8
1685,857,"r","2",1
1685,187,"r","3",1
1686,212,"o","3",3
1686,219,"s","1",1
1686,418,"r","3",1
1686,688,"r","4",1
1686,346,"o","3",3
1686,427,"a","5",15
1686,890,"s","1",1
1686,456,"s","1",1
1687,248,"o","4",3
1687,260,"r","4",1
1687,1199,"f","4",8
1687,857,"a","4",15
1687,1230,"s","3",1
1688,219,"s","1",1
1688,418,"f","5",8
1688,688,"f","5",8
1688,346,"f","5",8
1688,1099,"s","2",1
1688,427,"r","3",1
1688,1324,"o","4",3
1688,1385,"r","3",1
1688,821,"r","4",1
1688,3024,"s","3",1
1688,3016,"r","4",1
1688,3174,"lf","4",3
1688,260,"r","4",1
1693,212,"r","3",1
1693,221,"s","2",1
1693,248,"r","2",1
1693,418,"o","5",3
1693,688,"a","5",15
1693,346,"f","5",8
1693,427,"o","4",3
1693,1324,"f","5",8
1693,1327,"o","3",3
1693,1385,"o","3",3
1693,3174,"o","4",3
1693,821,"s","3",1
1693,187,"s","2",1
1693,2991,"r","3",1
1693,3011,"r","5",1
1697,219,"r","2",1
1697,688,"o","4",3
1697,3174,"a","5",15
1697,3016,"o","4",3
1697,3011,"o","4",3
1698,418,"f","4",8
1698,473,"r","2",1
1698,688,"r","4",1
1698,1099,"s","2",1
1698,221,"r","2",1
1700,212,"f","5",8
1700,219,"s","1",1
1700,221,"r","3",1
1700,418,"r","4",1
1700,688,"f","5",8
1700,346,"a","5",15
1700,427,"a","5",15
1700,1324,"r","3",1
1700,326,"lf","3",3
1700,2991,"o","5",3
1704,688,"r","3",1
1704,1099,"s","1",1
1704,427,"r","3",1
1706,248,"lf","5",3
1706,2810,"r","4",1
1707,212,"o","3",3
1707,418,"r","3",1
1707,688,"f","4",8
1707,346,"a","5",15
1707,1099,"s","1",1
1708,212,"r","2",1
1708,688,"f","5",8
1708,346,"a","5",15
1708,1099,"s","1",1
1708,427,"o","4",3
1709,212,"r","3",1
1709,248,"o","5",3
1709,1199,"o","4",3
1709,418,"r","4",1
1709,473,"s","1",1
1709,857,"o","5",3
1711,248,"f","5",8
1711,473,"o","3",3
1711,857,"o","4",3
1711,3024,"r","4",1
1711,2810,"o","4",3
1714,212,"f","5",8
1714,688,"a","5",15
1714,346,"a","5",15
1714,1099,"r","2",1
1714,427,"o","4",3
1714,1324,"f","5",8
1714,2629,"a","5",15
1714,2991,"d","5",60
1714,2735,"r","4",1
1715,212,"o","4",3
1715,221,"o","3",3
1715,418,"r","2",1
1715,688,"o","4",3
1715,346,"f","5",8
1715,427,"f","5",8
1715,1324,"f","5",8
1715,1327,"o","3",3
1715,326,"r","2",1
1715,2629,"o","5",3
1715,2991,"o","4",3
1715,2621,"la","5",9
1715,2995,"r","5",1
1718,212,"o","3",3
1718,688,"f","5",8
1718,346,"f","5",8
1718,1275,"a","5",15
1718,326,"s","1",1
1718,2621,"f","5",8
1718,2991,"r","3",1
1721,688,"a","5",15
1721,346,"f","4",8
1721,427,"f","5",8
1721,326,"s","1",1
1722,688,"f","5",8
1722,346,"o","3",3
1723,212,"o","4",3
1723,1099,"r","2",1
1724,248,"f","5",8
1724,473,"r","2",1
1724,857,"o","5",3
1725,418,"r","3",1
1725,420,"r","2",1
1725,688,"f","5",8
1725,346,"o","3",3
1725,1099,"lf","3",3
1725,427,"f","5",8
1726,688,"f","5",8
1726,346,"a","5",15
1726,1099,"s","2",1
1726,427,"o","4",3
1726,1324,"o","5",3
1726,1327,"o","3",3
1726,2621,"lf","5",3
1727,1099,"lf","3",3
1727,1255,"a","4",15
1727,638,"a","5",15
1729,420,"s","1",1
1729,688,"o","3",3
1729,1275,"s","1",1
1730,212,"a","5",15
1730,420,"s","1",1
1730,1099,"o","3",3
1730,427,"f","5",8
1732,427,"f","4",8
1733,420,"s","1",1
1733,688,"a","5",15
1733,346,"o","3",3
1734,427,"o","4",3
1735,221,"s","2",1
1736,427,"o","4",3
1738,1099,"r","2",1
1738,638,"o","4",3
1739,473,"r","2",1
1739,346,"s","1",1
1739,1099,"r","2",1
1739,638,"f","4",8
1740,418,"r","3",1
1740,688,"la","5",9
1740,346,"f","4",8
1740,427,"r","2",1
1741,418,"r","3",1
1741,688,"a","5",15
1741,346,"a","5",15
1741,427,"a","5",15
1741,1327,"r","2",1
1742,997,"o","3",3
1742,1255,"f","4",8
1742,638,"d","5",60
1742,985,"r","2",1
1743,997,"lf","3",3
1743,1255,"o","3",3
1743,638,"f","5",8
1744,688,"r","3",1
1744,1099,"r","2",1
1744,427,"a","5",15
1745,688,"o","4",3
1745,1099,"o","3",3
1745,427,"f","5",8
1746,1099,"o","3",3
1746,427,"la","5",9
1747,1099,"r","2",1
1747,427,"la","5",9
1747,651,"s","1",1
1748,997,"r","2",1
1748,638,"f","5",8
1749,688,"a","5",15
1749,346,"f","5",8
1749,427,"lf","4",3
1749,1324,"o","3",3
1749,1051,"r","3",1
1751,212,"r","3",1
1751,688,"a","5",15
1751,346,"f","5",8
1751,418,"s","2",1
1751,3024,"s","4",1
1752,248,"d","5",60
1752,473,"s","1",1
1752,857,"ld","5",22
1753,212,"f","4",8
1753,688,"a","5",15
1753,346,"o","4",3
1753,1099,"o","3",3
1753,427,"f","5",8
1753,221,"s","2",1
1753,3011,"r","3",1
1754,688,"a","5",15
1754,346,"o","3",3
1754,427,"f","5",8
1754,1324,"r","2",1
1757,212,"o","4",3
1757,420,"s","1",1
1757,688,"f","5",8
1757,346,"f","5",8
1863,346,"o","3",3
1863,1099,"s","1",1
1863,1324,"s","2",1
1863,651,"s","1",1
1863,890,"s","3",1
1865,427,"a","5",15
1866,418,"f","5",8
1866,688,"o","4",3
1866,1324,"s","1",1
1866,1199,"s","2",1
1866,549,"s","3",1
1867,418,"f","5",8
1867,688,"ld","5",22
1867,1324,"s","1",1
1868,418,"f","5",8
1868,688,"o","3",3
1868,346,"s","1",1
1869,418,"f","5",8
1869,688,"ld","5",22
1869,1099,"r","2",1
1869,427,"r","2",1
1869,346,"r","3",1
1869,670,"o","3",3
1870,420,"s","1",1
1870,427,"r","2",1
1871,212,"o","3",3
1871,228,"o","2",3
1871,418,"f","4",8
1871,688,"f","4",8
1872,228,"o","4",3
1872,248,"o","3",3
1872,418,"f","5",8
1872,688,"la","5",9
1872,346,"o","3",3
1872,1183,"r","2",1
1872,1324,"r","4",1
1872,1385,"o","3",3
1873,228,"f","5",8
1873,418,"o","5",3
1873,346,"o","4",3
1873,1324,"s","2",1
1875,441,"f","4",8
1875,346,"o","3",3
1876,228,"o","4",3
1876,248,"r","3",1
1876,418,"f","5",8
1876,473,"s","1",1
1876,688,"la","5",9
1876,346,"o","3",3
1876,1385,"s","1",1
1877,228,"lf","5",3
1877,418,"f","5",8
1877,688,"la","4",9
1877,346,"o","4",3
1877,427,"r","2",1
2481,418,"f","5",8
2481,688,"o","4",3
2481,346,"r","2",1
2481,1385,"s","1",1
2481,337,"s","3",1
2483,212,"r","3",1
2483,237,"s","1",1
2483,260,"r","4",1
2483,337,"s","3",1
2483,418,"f","5",8
2483,420,"s","1",1
2483,688,"f","5",8
2483,346,"o","4",3
2483,427,"o","5",3
2483,1324,"o","5",3
2483,239,"o","5",3
2483,228,"r","2",1
2483,924,"r","3",1
2485,418,"f","4",8
2485,420,"s","1",1
2485,688,"r","3",1
2485,346,"r","3",1
2485,427,"r","3",1
2485,332,"s","1",1
2486,228,"r","3",1
2486,418,"f","4",8
2486,456,"s","1",1
2486,346,"o","4",3
2486,427,"o","4",3
2487,212,"o","4",3
2487,228,"s","1",1
2487,337,"s","2",1
2487,418,"o","5",3
2487,688,"o","5",3
2487,427,"a","5",15
2487,346,"a","5",15
2487,1385,"o","3",3
2487,239,"la","5",9
2487,1323,"r","3",1
2487,2991,"r","3",1
2488,418,"f","5",8
2488,688,"o","5",3
2488,346,"lf","4",3
2488,427,"lf","4",3
2488,337,"r","3",1
2489,212,"f","5",8
2489,337,"s","2",1
2489,418,"f","5",8
2489,688,"o","5",3
2489,346,"f","5",8
2489,427,"o","4",3
2489,1324,"o","5",3
2489,748,"s","1",1
2489,2629,"r","3",1
2489,2991,"r","4",1
2491,212,"f","5",8
2491,346,"r","2",1
2491,1099,"r","2",1
2491,427,"o","5",3
2493,212,"o","3",3
2495,212,"f","5",8
2495,688,"a","5",15
2495,346,"f","5",8
2495,427,"f","5",8
2495,1324,"o","4",3
2495,1323,"r","3",1
2495,2991,"r","3",1
2495,326,"r","2",1
2496,346,"o","3",3
2496,1255,"a","5",15
2496,427,"o","4",3
2496,1327,"o","3",3
2497,346,"r","4",1
2497,1099,"r","3",1
2497,427,"o","5",3
2498,1099,"f","3",8
2498,1255,"a","5",15
2499,212,"f","5",8
2499,688,"r","4",1
2499,346,"r","3",1
2499,1099,"r","2",1
2499,427,"a","5",15
2499,1324,"r","3",1
2499,1327,"r","2",1
2500,418,"f","5",8
2500,688,"o","5",3
2500,346,"o","4",3
1503,420,"f","4",8
1503,427,"o","3",3
1504,420,"f","5",8
1504,427,"o","3",3
1504,688,"s","3",1
1505,420,"f","5",8
1505,427,"o","3",3
1506,420,"f","5",8
2110,1230,"r","4",1
2111,212,"o","4",3
2111,688,"f","5",8
2111,346,"r","2",1
2111,1099,"lf","3",3
2111,427,"f","5",8
2112,997,"r","3",1
2115,219,"r","2",1
2115,420,"o","3",3
2115,688,"o","5",3
2115,427,"o","5",3
2117,212,"r","3",1
2117,688,"f","5",8
2117,346,"r","2",1
2117,1099,"s","1",1
2117,427,"la","5",9
2117,1324,"r","3",1
2118,418,"r","2",1
2118,420,"r","3",1
2118,688,"o","5",3
2118,1099,"r","2",1
2118,427,"o","5",3
2119,418,"f","5",8
2119,473,"o","4",3
2119,688,"o","4",3
2119,346,"lf","3",3
2119,3011,"la","5",9
2121,418,"f","4",8
2121,473,"r","2",1
2121,688,"f","4",8
2121,346,"lf","4",3
2121,427,"lf","4",3
2121,1385,"r","3",1
2122,418,"f","5",8
2122,473,"r","2",1
2122,3011,"o","4",3
2123,418,"f","5",8
2123,420,"f","4",8
2123,688,"r","4",1
2123,346,"r","4",1
2123,427,"r","5",1
2123,3011,"r","4",1
2123,3024,"s","3",1
2153,248,"o","5",3
2153,857,"r","2",1
2153,549,"o","4",3
2154,688,"a","5",15
2154,1099,"r","2",1
2154,427,"f","5",8
2154,1324,"s","2",1
2154,651,"s","1",1
2155,427,"a","5",15
2156,688,"f","5",8
2156,1099,"r","2",1
2156,427,"f","5",8
2158,221,"f","3",8
2159,219,"r","2",1
2159,221,"f","4",8
2159,688,"o","4",3
2159,346,"o","3",3
2159,1255,"o","4",3
2159,427,"o","4",3
2161,420,"s","1",1
2161,473,"f","4",8
2161,688,"o","4",3
2161,346,"r","3",1
2161,427,"s","1",1
2161,638,"a","5",15
2161,985,"o","3",3
2166,212,"o","3",3
2166,418,"o","4",3
2166,688,"f","5",8
2166,346,"f","5",8
2166,427,"f","5",8
2166,1324,"f","5",8
2166,2991,"lf","4",3
2166,2629,"s","3",1
2166,3028,"s","3",1
2179,688,"f","4",8
2179,346,"f","3",8
2179,332,"f","3",8
2179,924,"a","3",15
2179,187,"r","2",1
2181,212,"o","4",3
2181,219,"s","1",1
2181,237,"s","1",1
2181,418,"r","3",1
2181,688,"a","5",15
2181,346,"f","5",8
2181,1099,"r","2",1
2181,427,"f","4",8
2181,1324,"f","5",8
2181,239,"lf","4",3
2181,2628,"o","3",3
2181,2991,"f","5",8
2181,549,"s","4",1
2185,212,"r","2",1
2185,219,"r","2",1
2185,221,"o","3",3
2185,418,"o","3",3
2185,688,"a","5",15
2185,346,"a","5",15
2185,427,"a","5",15
2185,1324,"f","5",8
2185,3011,"r","3",1
2187,418,"f","5",8
2187,420,"r","2",1
2187,427,"o","4",3
2187,221,"s","1",1
2189,473,"f","3",8
2189,997,"r","2",1
2189,1255,"s","1",1
2189,638,"f","3",8
2195,2629,"s","2",1
2195,212,"r","2",1
2195,418,"f","4",8
2195,714,"r","3",1
2195,346,"o","3",3
2195,427,"r","3",1
2195,1324,"lf","4",3
2195,1327,"o","3",3
2197,1199,"r","2",1
2199,212,"lf","3",3
2199,219,"r","2",1
2199,418,"f","5",8
2199,688,"la","4",9
2199,346,"r","2",1
2199,1099,"s","1",1
2199,427,"o","3",3
2199,1324,"lf","4",3
2199,1327,"s","1",1
2200,212,"lf","4",3
2200,237,"r","2",1
2200,260,"lf","5",3
2200,418,"o","4",3
2200,688,"a","5",15
2200,346,"f","5",8
2200,427,"o","4",3
2200,1324,"a","5",15
2200,1327,"f","3",8
2200,821,"r","3",1
2200,2991,"a","3",15
2200,221,"s","1",1
2201,2991,"f","4",8
2209,219,"s","1",1
2209,221,"r","2",1
2209,418,"o","3",3
2209,463,"f","3",8
2209,688,"f","4",8
2209,1099,"f","4",8
2209,1324,"f","5",8
2209,1327,"f","3",8
2209,821,"a","5",15
2209,2991,"o","3",3
2209,3024,"o","3",3
2214,248,"f","5",8
2214,1199,"f","5",8
2215,1323,"a","5",15
2215,212,"r","2",1
2215,248,"s","2",1
2215,418,"o","4",3
2215,688,"a","5",15
2215,346,"o","3",3
2215,1099,"s","2",1
2215,427,"s","1",1
2215,1324,"f","5",8
2215,1327,"o","3",3
2215,1385,"r","2",1
2216,473,"r","3",1
2216,418,"o","4",3
2216,688,"a","5",15
2216,346,"f","4",8
2216,1324,"f","5",8
2216,187,"f","4",8
2217,248,"o","4",3
2217,1199,"f","4",8
2217,418,"o","4",3
2217,473,"r","3",1
2217,688,"s","2",1
2217,857,"d","3",60
2217,1183,"s","1",1
2218,212,"r","3",1
2218,418,"f","5",8
2218,420,"s","1",1
2218,688,"a","5",15
2218,346,"f","4",8
2218,427,"r","3",1
2218,1324,"o","5",3
2218,1327,"s","1",1
2218,473,"s","1",1
2219,418,"f","5",8
2219,688,"o","5",3
2219,346,"o","4",3
2219,427,"r","3",1
2219,1385,"r","3",1
2222,228,"r","3",1
2222,418,"lf","4",3
2222,908,"s","1",1
2223,219,"s","1",1
2223,228,"r","2",1
2223,248,"o","3",3
2223,418,"f","5",8
2223,688,"a","5",15
2223,346,"o","4",3
2223,1324,"o","4",3
2223,221,"s","2",1
2224,212,"r","3",1
2224,418,"f","4",8
2224,688,"f","5",8
2224,346,"o","3",3
2224,427,"r","3",1
2224,1324,"r","3",1
2225,212,"a","3",15
2225,418,"f","5",8
2225,688,"a","5",15
2225,346,"f","5",8
2225,427,"r","3",1
2225,1324,"la","5",9
2226,418,"o","4",3
2226,688,"o","5",3
2226,346,"o","3",3
2226,427,"o","4",3
2229,219,"s","1",1
2229,228,"s","1",1
2229,418,"o","3",3
2229,688,"f","5",8
2229,346,"a","5",15
2229,427,"o","3",3
2229,1324,"o","4",3
2229,2996,"a","5",15
2231,688,"f","4",8
2231,346,"a","4",15
2231,1324,"f","4",8
2231,1323,"f","4",8
2231,2996,"a","5",15
2232,248,"o","3",3
2232,1199,"r","2",1
2232,418,"r","2",1
2232,473,"r","2",1
2233,473,"r","2",1
2233,212,"r","3",1
2233,418,"f","4",8
2233,688,"a","5",15
2233,346,"a","5",15
2233,427,"la","5",9
2233,1324,"f","5",8
2233,3011,"r","4",1
2234,688,"la","5",9
2234,346,"o","4",3
2234,1324,"lf","4",3
2234,1385,"s","2",1
2234,456,"o","3",3
2235,1199,"f","4",8
2236,418,"f","4",8
2236,473,"s","1",1
2236,688,"la","4",9
2238,212,"s","1",1
2238,418,"r","3",1
2238,688,"o","4",3
2238,346,"f","4",8
2238,1324,"f","5",8
2238,1323,"o","4",3
2239,237,"o","3",3
2239,248,"f","5",8
2239,1199,"f","4",8
2239,418,"r","3",1
2239,473,"f","4",8
2240,418,"f","4",8
2240,688,"f","5",8
2240,346,"f","4",8
2241,212,"r","3",1
2241,237,"o","3",3
2241,418,"f","5",8
2241,688,"a","5",15
2241,346,"f","5",8
2241,427,"o","4",3
2241,1324,"f","5",8
2241,1327,"s","2",1
2241,821,"s","4",1
2241,2991,"s","1",1
2243,673,"s","4",1
2243,187,"s","1",1
2243,219,"s","1",1
2243,237,"r","2",1
2243,890,"s","1",1
2243,418,"f","5",8
2243,688,"f","5",8
2245,248,"o","3",3
2245,1199,"o","3",3
2245,418,"o","3",3
2245,473,"o","3",3
2245,346,"r","3",1
2245,821,"s","4",1
2246,418,"f","5",8
2246,890,"s","1",1
2248,212,"s","1",1
2248,228,"r","2",1
2248,418,"o","4",3
2248,463,"o","3",3
2248,688,"la","5",9
2248,346,"f","5",8
2248,1324,"f","5",8
2248,1327,"f","4",8
2248,1385,"r","2",1
2248,821,"o","4",3
2248,2991,"o","4",3
2248,3024,"o","4",3
2249,418,"f","5",8
2249,688,"lf","4",3
2249,346,"lf","3",3
2250,228,"o","3",3
2250,248,"r","3",1
2250,1199,"f","5",8
2250,418,"r","3",1
2250,688,"r","4",1
2250,857,"r","3",1
2250,346,"r","3",1
2251,418,"f","4",8
2251,688,"a","5",15
2251,346,"o","3",3
2251,1324,"lf","4",3
2251,1327,"r","2",1
2251,2991,"r","3",1
2254,821,"r","1",1
2254,2991,"f","4",8
2255,1327,"r","2",1
2255,985,"r","2",1
2259,1323,"a","4",15
2261,212,"o","3",3
2261,688,"a","5",15
2261,346,"f","4",8
2261,427,"a","5",15
2261,1327,"s","2",1
2262,212,"f","4",8
2262,221,"s","1",1
2262,228,"s","1",1
2262,418,"o","5",3
2262,688,"a","5",15
2262,346,"f","5",8
2262,1099,"s","1",1
2262,427,"f","5",8
2262,1324,"f","5",8
2263,418,"f","4",8
2263,688,"f","5",8
2263,346,"lf","4",3
2263,427,"lf","4",3
2263,221,"s","1",1
2265,346,"r","2",1
2265,427,"o","5",3
2267,688,"f","5",8
2268,212,"r","3",1
2269,248,"r","2",1
2269,1199,"o","3",3
2270,2810,"s","2",1
2270,212,"ld","5",22
2271,212,"lf","3",3
2271,219,"o","3",3
2271,418,"lf","5",3
2271,688,"lf","5",3
2271,346,"o","5",3
2271,427,"o","4",3
2271,1323,"la","4",9
2271,3028,"r","4",1
2274,1323,"f","3",8
2275,212,"r","2",1
2275,418,"r","3",1
2275,420,"s","1",1
2275,456,"o","3",3
2275,688,"f","5",8
2275,346,"o","4",3
2275,427,"o","4",3
2276,248,"r","3",1
2276,418,"o","4",3
2276,3011,"s","2",1
2278,418,"o","4",3
2278,420,"o","3",3
2278,688,"o","4",3
2278,427,"o","4",3
2278,473,"s","1",1
2278,3011,"s","2",1
2279,1099,"f","3",8
2279,1327,"o","3",3
2280,212,"o","3",3
2280,420,"r","2",1
2280,456,"o","3",3
2280,688,"f","4",8
2280,346,"o","3",3
2280,427,"a","5",15
2280,1324,"r","3",1
2280,1327,"r","3",1
2280,1323,"r","3",1
2282,688,"o","4",3
2282,427,"la","4",9
2284,237,"s","1",1
2284,688,"f","5",8
2284,346,"f","5",8
2284,1099,"o","3",3
2284,427,"la","5",9
2284,1324,"o","4",3
2284,1327,"o","4",3
2284,1323,"s","3",1
2284,1051,"o","3",3
2284,2991,"r","2",1
2291,248,"r","4",1
2292,248,"lf","4",3
2292,1199,"a","5",15
2292,857,"a","5",15
2292,2991,"r","4",1
2293,248,"a","5",15
2293,1199,"a","5",15
2293,857,"f","5",8
2294,248,"o","3",3
2294,1199,"o","3",3
2294,857,"d","5",60
2296,248,"f","5",8
2296,1199,"a","5",15
2296,857,"la","5",9
2296,549,"r","4",1
2296,1230,"s","3",1
2299,248,"r","3",1
2299,1199,"la","4",9
2299,473,"la","5",9
2299,857,"f","5",8
2299,549,"o","3",3
2300,248,"o","3",3
2300,473,"la","4",9
2300,857,"a","5",15
2300,3011,"r","4",1
2302,248,"a","5",15
2302,1199,"f","4",8
2302,418,"o","3",3
2302,473,"la","5",9
2302,857,"f","5",8
2303,248,"la","5",9
2303,1199,"f","5",8
2303,418,"f","4",8
2303,420,"s","1",1
2303,473,"la","5",9
2303,857,"f","4",8
2303,1385,"o","3",3
2303,549,"s","2",1
2303,2810,"la","5",9
2303,326,"s","1",1
2303,2735,"r","4",1
2306,248,"o","5",3
2306,1199,"a","5",15
2306,549,"s","3",1
2306,923,"o","4",3
2308,923,"f","4",8
2310,332,"s","3",1
2310,924,"s","2",1
2310,248,"r","3",1
2310,1199,"o","3",3
2311,212,"s","2",1
2311,228,"r","2",1
2311,248,"a","5",15
2311,1199,"o","3",3
2311,924,"s","2",1
2311,332,"s","2",1
2311,3016,"s","4",1
2311,186,"s","1",1
2312,248,"o","3",3
2312,688,"s","4",1
2312,857,"r","3",1
2313,1230,"r","4",1
2313,420,"s","1",1
2314,1385,"o","3",3
2315,248,"f","4",8
2315,1199,"f","4",8
2316,228,"la","5",9
2316,248,"lf","4",3
2316,1385,"o","4",3
2318,420,"r","2",1
2319,2991,"r","4",1
2319,420,"r","2",1
2319,626,"r","3",1
2320,228,"o","3",3
2320,857,"o","3",3
2320,1385,"o","2",3
2321,924,"r","3",1
2321,248,"la","5",9
2321,1199,"f","5",8
2321,857,"a","5",15
2322,248,"a","5",15
2322,1199,"f","5",8
2322,857,"o","3",3
2323,248,"o","3",3
2323,1183,"s","3",1
2325,418,"o","3",3
2325,473,"a","4",15
2327,228,"r","3",1
2327,248,"f","5",8
2327,418,"f","5",8
2327,473,"r","2",1
2327,1385,"r","4",1
2327,924,"lf","5",3
2327,332,"r","4",1
2327,3024,"f","5",8
2333,248,"o","3",3
2333,260,"a","5",15
2333,418,"f","4",8
2333,473,"o","3",3
2333,821,"r","5",1
2333,3016,"a","5",15
2335,212,"s","3",1
2335,346,"r","2",1
2335,821,"s","4",1
2335,332,"s","3",1
2335,1230,"r","4",1
2335,1385,"r","2",1
2335,3024,"r","3",1
2335,248,"o","3",3
2335,418,"f","5",8
2335,473,"lf","4",3
2335,688,"r","3",1
2335,924,"s","2",1
2335,3016,"a","5",15
2352,212,"r","2",1
2352,221,"r","2",1
2352,228,"o","3",3
2352,248,"r","2",1
2352,260,"la","5",9
2352,337,"s","1",1
2352,418,"o","5",3
2352,688,"lf","5",3
2352,346,"o","5",3
2352,1324,"o","5",3
2352,821,"la","5",9
2352,239,"s","3",1
2352,2991,"r","4",1
2352,3024,"r","4",1
2354,260,"lf","5",3
2354,337,"s","3",1
2354,688,"r","4",1
2354,821,"o","4",3
2355,212,"r","2",1
2355,228,"r","2",1
2355,260,"la","5",9
2355,418,"o","4",3
2355,688,"lf","5",3
2355,346,"o","4",3
2355,427,"s","1",1
2355,1324,"o","4",3
2355,821,"r","4",1
2355,2991,"r","3",1
2356,212,"s","2",1
2356,221,"r","2",1
2356,237,"s","1",1
2356,337,"r","3",1
2356,418,"f","5",8
2356,688,"lf","4",3
2356,346,"o","3",3
2356,1385,"r","3",1
2356,2991,"r","4",1
2356,3024,"r","4",1
2356,3016,"s","4",1
2359,221,"f","4",8
2360,221,"o","3",3
2360,237,"r","2",1
2360,337,"o","4",3
2361,248,"lf","4",3
2361,473,"o","3",3
2361,688,"r","4",1
2361,924,"lf","4",3
2361,3011,"o","4",3
2361,3015,"o","5",3
2362,248,"f","4",8
2362,924,"f","4",8
2363,924,"s","3",1
2363,890,"s","1",1
2363,212,"r","2",1
2363,228,"o","4",3
2363,248,"r","3",1
2363,418,"o","4",3
2363,688,"lf","4",3
2363,346,"r","3",1
2377,337,"s","3",1
2377,228,"r","2",1
2377,248,"a","5",15
2377,260,"la","5",9
2377,418,"f","5",8
2377,1385,"f","4",8
2377,332,"a","5",15
2377,924,"f","5",8
2377,3024,"f","5",8
2377,3016,"r","4",1
2380,248,"o","4",3
2380,1199,"s","1",1
2380,418,"f","4",8
2381,337,"s","4",1
2381,1385,"r","3",1
2381,332,"r","4",1
2381,924,"s","2",1
2381,260,"r","5",1
2381,418,"f","4",8
2381,821,"r","4",1
2384,228,"o","3",3
2384,248,"f","5",8
2384,418,"f","5",8
2384,420,"s","1",1
2384,473,"o","4",3
2384,346,"r","2",1
2384,1385,"s","2",1
2384,821,"r","4",1
2384,924,"r","2",1
2384,3016,"o","4",3
2385,418,"f","5",8
2386,228,"r","3",1
2386,248,"r","3",1
2386,260,"o","4",3
2386,418,"f","5",8
2386,688,"la","5",9
2386,346,"o","4",3
2386,427,"r","3",1
2386,1324,"lf","5",3
2386,821,"s","4",1
2386,1230,"s","2",1
2386,3024,"r","5",1
2386,3028,"s","2",1
2389,212,"o","4",3
2389,228,"r","3",1
2389,248,"r","3",1
2389,418,"f","5",8
2389,688,"f","4",8
2389,346,"a","5",15
2389,427,"f","4",8
2389,1385,"o","4",3
2392,248,"r","4",1
2392,260,"r","5",1
2392,418,"f","5",8
2392,821,"s","2",1
2394,332,"a","3",15
2394,228,"r","3",1
2394,248,"f","5",8
2394,260,"o","3",3
2394,418,"f","5",8
2394,346,"r","3",1
2394,427,"s","1",1
2394,821,"la","5",9
2394,3024,"r","4",1
2396,248,"o","4",3
2396,260,"a","5",15
2396,418,"f","4",8
2396,821,"la","4",9
2399,638,"f","5",8
2400,212,"s","2",1
2400,228,"r","2",1
2400,248,"a","5",15
2400,1199,"r","3",1
2400,418,"f","4",8
2400,420,"s","2",1
2400,473,"s","1",1
2400,688,"lf","5",3
2400,346,"o","3",3
2400,1385,"f","4",8
2400,924,"f","5",8
2400,332,"a","5",15
2400,3024,"la","5",9
2402,212,"r","3",1
2402,237,"r","2",1
2402,248,"a","5",15
2402,1199,"r","3",1
2402,418,"f","5",8
2402,420,"r","2",1
2402,688,"lf","4",3
2402,346,"o","4",3
2402,1275,"o","3",3
2402,1385,"f","5",8
2402,924,"o","4",3
2402,821,"r","3",1
2402,332,"o","4",3
2409,248,"lf","5",3
2409,418,"f","5",8
2409,1385,"f","5",8
2410,418,"f","5",8
2410,1385,"lf","4",3
2410,821,"o","4",3
2411,212,"r","2",1
2411,248,"f","5",8
2411,418,"f","5",8
2411,420,"r","2",1
2411,346,"o","4",3
2411,1385,"lf","4",3
2411,821,"r","3",1
2411,332,"r","4",1
2411,1124,"s","2",1
2411,220,"s","1",1
2411,3024,"s","4",1
2417,212,"s","2",1
2417,248,"r","3",1
2417,237,"r","2",1
2417,418,"o","4",3
2417,688,"a","5",15
2417,346,"lf","4",3
2417,1324,"f","4",8
2417,1385,"r","3",1
2417,821,"a","5",15
2417,924,"r","4",1
2420,187,"s","1",1
2420,228,"f","4",8
2420,248,"a","5",15
2420,890,"lf","3",3
2420,1199,"r","3",1
2420,418,"f","4",8
2420,346,"o","3",3
2420,1385,"r","3",1
2420,332,"lf","4",3
2420,924,"f","4",8
2420,3024,"o","5",3
2427,212,"f","3",8
2427,237,"s","1",1
2427,332,"f","4",8
2427,187,"r","2",1
2427,220,"r","3",1
2428,332,"o","4",3
2428,220,"r","2",1
2431,228,"r","2",1
2431,248,"r","4",1
2431,418,"f","5",8
2431,473,"r","2",1
2431,688,"r","4",1
2431,346,"r","3",1
2431,1385,"o","3",3
2431,924,"o","3",3
2431,332,"r","3",1
2436,228,"s","1",1
2436,248,"s","2",1
2436,418,"f","5",8
2436,688,"a","5",15
2436,346,"r","2",1
2436,1385,"r","3",1
2436,924,"o","3",3
2437,237,"s","1",1
2437,248,"s","2",1
2437,418,"f","5",8
2437,473,"s","1",1
2437,688,"r","4",1
2437,821,"r","4",1
2438,228,"s","1",1
2438,237,"s","1",1
2438,418,"f","5",8
2438,420,"r","2",1
2438,473,"s","1",1
2438,821,"r","4",1
2439,326,"s","1",1
2439,212,"r","2",1
2439,228,"o","3",3
2439,237,"o","3",3
2439,248,"la","5",9
2439,418,"f","5",8
2439,688,"lf","4",3
2439,346,"o","3",3
2439,1385,"o","3",3
2439,924,"s","1",1
2441,337,"s","2",1
2441,1332,"s","3",1
2441,418,"f","3",8
2441,420,"f","3",8
2442,228,"o","3",3
2442,248,"o","5",3
2442,418,"f","5",8
2442,1385,"o","4",3
2442,821,"o","4",3
2442,549,"s","2",1
2446,228,"o","3",3
2446,248,"r","3",1
2446,418,"a","5",15
2446,420,"o","3",3
2446,688,"o","4",3
2446,1099,"s","1",1
2446,821,"o","4",3
2446,332,"s","3",1
2447,248,"o","3",3
2447,418,"o","4",3
2447,688,"a","5",15
2447,346,"f","4",8
2447,427,"lf","3",3
2447,1324,"o","4",3
2447,1385,"r","2",1
2447,3024,"o","5",3
2454,212,"r","3",1
2454,248,"o","5",3
2454,1275,"r","2",1
2454,1385,"o","5",3
2454,239,"r","3",1
2455,248,"o","4",3
2455,260,"s","4",1
2455,418,"o","4",3
2455,346,"lf","4",3
2455,821,"a","5",15
2455,239,"r","4",1
2458,237,"s","1",1
2458,248,"lf","5",3
2458,418,"o","4",3
2458,688,"la","5",9
2458,346,"f","4",8
2458,1385,"r","2",1
2458,821,"a","5",15
2458,1124,"s","1",1
2459,212,"r","2",1
2459,248,"r","3",1
2459,237,"r","2",1
2459,418,"o","5",3
2459,688,"a","5",15
2459,346,"f","5",8
2459,1275,"lf","4",3
2459,1324,"o","4",3
2459,821,"o","3",3
2459,1362,"s","1",1
2462,248,"o","3",3
2462,418,"f","5",8
2462,346,"o","4",3
2462,1385,"o","3",3
2462,3024,"o","5",3
2463,212,"r","2",1
2463,228,"r","2",1
2463,418,"lf","4",3
2463,420,"r","2",1
2463,688,"a","5",15
2463,346,"lf","4",3
2463,427,"lf","4",3
2463,1324,"r","4",1
2463,1385,"o","3",3
2463,332,"r","4",1
2463,924,"o","3",3
2463,821,"o","4",3
2464,248,"f","5",8
2464,688,"la","5",9
2464,346,"f","5",8
2464,1385,"f","4",8
2464,332,"f","4",8
2464,924,"o","3",3
2464,3024,"a","5",15
2466,248,"r","3",1
2466,418,"f","5",8
2466,420,"s","1",1
2466,924,"o","3",3
2467,237,"r","2",1
2467,418,"f","5",8
2467,821,"o","4",3
2467,220,"s","1",1
2476,212,"s","1",1
2476,418,"o","4",3
2476,420,"s","2",1
2476,688,"o","5",3
2476,346,"f","4",8
2476,427,"f","5",8
1757,427,"o","5",3
1757,1324,"o","3",3
1757,1327,"o","3",3
1757,2629,"o","3",3
1758,212,"f","4",8
1758,688,"f","5",8
1758,346,"o","4",3
1758,427,"lf","4",3
1758,1324,"r","2",1
1758,1327,"r","2",1
1758,1051,"r","3",1
1758,3011,"s","3",1
1758,2991,"s","3",1
1758,420,"s","1",1
1760,418,"r","3",1
1760,688,"o","4",3
1760,346,"o","3",3
1760,3011,"s","4",1
1760,3024,"s","5",1
1762,219,"o","2",3
1762,688,"o","3",3
1762,346,"o","3",3
1765,1183,"f","3",8
1765,1275,"s","3",1
1766,1183,"s","3",1
1767,1183,"o","3",3
1771,1275,"s","2",1
1775,1385,"r","2",1
1776,248,"a","4",15
1776,1199,"o","2",3
1776,1385,"o","3",3
1777,248,"a","5",15
1777,1199,"o","3",3
1777,688,"la","5",9
1778,248,"a","4",15
1778,688,"o","4",3
1778,1385,"o","3",3
1778,670,"r","4",1
1779,228,"a","4",15
1779,248,"o","3",3
1780,228,"lf","3",3
1780,248,"o","3",3
1780,1199,"o","3",3
1780,1183,"s","3",1
1781,248,"o","4",3
1781,1199,"a","5",15
1781,857,"o","3",3
1784,1199,"f","4",8
1784,549,"o","4",3
1785,549,"f","4",8
1790,1275,"o","3",3
1791,549,"la","4",9
1792,651,"r","2",1
1794,1183,"lf","3",3
1795,1255,"f","4",8
1795,427,"f","4",8
1796,418,"s","1",1
1796,420,"o","3",3
1796,427,"o","3",3
1796,1226,"s","2",1
1797,1255,"o","3",3
1798,427,"a","5",15
1799,688,"o","3",3
1799,1255,"o","3",3
1799,427,"f","4",8
1799,849,"r","2",1
1800,456,"f","4",8
1800,427,"f","4",8
1802,420,"o","3",3
1802,456,"o","3",3
1802,427,"f","4",8
1878,212,"s","3",1
1878,890,"r","3",1
1878,418,"o","4",3
1878,420,"o","3",3
1878,688,"lf","4",3
1878,346,"o","3",3
1878,1099,"s","1",1
1878,427,"a","5",15
1878,1324,"r","3",1
1878,857,"s","2",1
1878,1275,"s","2",1
1882,418,"o","3",3
1882,688,"d","5",60
1882,346,"r","2",1
1883,228,"o","3",3
1883,418,"lf","4",3
1883,688,"ld","5",22
1883,346,"s","1",1
1884,221,"s","2",1
1884,228,"f","4",8
1884,418,"f","5",8
1884,473,"s","1",1
1884,688,"lf","4",3
1885,1199,"o","3",3
1885,418,"o","4",3
1885,688,"ld","5",22
1886,346,"o","3",3
1886,427,"f","5",8
1887,228,"o","3",3
1887,688,"la","5",9
1887,427,"r","2",1
1888,228,"f","4",8
1888,418,"f","5",8
1888,688,"o","4",3
1889,418,"o","4",3
1889,688,"la","5",9
1890,418,"r","2",1
1890,688,"d","5",60
1891,418,"o","4",3
1891,688,"d","5",60
1891,346,"o","3",3
1892,228,"o","4",3
1892,418,"f","5",8
1892,688,"o","3",3
1893,418,"o","4",3
1893,688,"f","5",8
1894,688,"la","5",9
1894,346,"f","3",8
1894,427,"la","4",9
1895,346,"s","1",1
1895,1327,"o","3",3
1896,688,"a","5",15
1896,346,"o","3",3
1896,427,"f","3",8
1896,1327,"o","2",3
1897,418,"o","3",3
1897,346,"f","5",8
1897,427,"f","4",8
1897,821,"la","5",9
1899,418,"o","4",3
1899,688,"ld","5",22
1900,221,"o","3",3
1900,337,"o","3",3
1900,688,"f","5",8
1900,346,"o","3",3
1900,427,"f","4",8
2515,420,"r","3",1
2515,688,"f","5",8
2515,346,"r","4",1
2515,1099,"r","3",1
2515,427,"o","4",3
2515,1324,"f","5",8
2517,212,"f","4",8
2518,212,"f","5",8
2518,420,"r","2",1
2518,688,"o","5",3
2518,1099,"s","1",1
2518,427,"f","5",8
2520,473,"r","2",1
2520,924,"s","1",1
2520,212,"s","2",1
2520,221,"r","2",1
2520,337,"s","1",1
2520,239,"s","3",1
2520,2991,"r","3",1
2520,3024,"s","3",1
2520,418,"f","5",8
2520,651,"s","1",1
2521,237,"s","1",1
2521,1332,"s","2",1
2521,228,"r","3",1
2521,248,"o","4",3
2521,418,"f","5",8
2521,688,"o","4",3
2521,346,"o","3",3
2521,427,"r","3",1
2521,1385,"r","3",1
2521,332,"r","3",1
2521,821,"o","4",3
2521,220,"s","1",1
2521,3024,"o","5",3
2522,212,"r","2",1
2522,418,"o","4",3
2522,688,"ld","5",22
2522,346,"lf","3",3
2523,248,"o","4",3
2523,1199,"f","4",8
2523,857,"o","3",3
2523,1183,"r","2",1
1903,418,"r","2",1
1903,688,"f","5",8
1903,346,"r","2",1
1904,228,"r","3",1
1904,427,"r","3",1
1905,688,"o","3",3
1905,427,"o","3",3
1906,688,"o","4",3
1906,427,"o","4",3
1908,688,"o","4",3
1908,427,"o","4",3
1909,688,"o","4",3
1909,427,"o","4",3
1910,418,"f","5",8
1910,420,"s","2",1
1910,688,"f","5",8
1910,346,"o","4",3
1910,427,"r","3",1
1910,1324,"o","4",3
1911,427,"a","4",15
1912,418,"o","3",3
1912,688,"f","4",8
1912,346,"f","4",8
1912,1324,"f","4",8
1913,418,"f","3",8
1913,688,"f","3",8
1914,688,"f","4",8
1914,427,"o","3",3
1915,688,"f","4",8
1915,346,"o","3",3
1915,427,"o","3",3
1915,1327,"o","3",3
1916,688,"f","4",8
1916,427,"f","4",8
1917,418,"f","4",8
1917,420,"r","3",1
1917,688,"o","3",3
1917,346,"r","3",1
1918,427,"a","5",15
1919,427,"a","5",15
1921,418,"f","4",8
1921,420,"r","3",1
1921,688,"f","4",8
1922,688,"f","4",8
1922,427,"o","3",3
1923,688,"f","4",8
1923,346,"o","3",3
1923,427,"o","3",3
1925,418,"f","4",8
1925,420,"r","3",1
1925,688,"o","3",3
1926,418,"o","3",3
1926,688,"o","3",3
1927,688,"f","5",8
1927,427,"o","4",3
1928,427,"s","2",1
1929,1051,"r","2",1
1930,418,"o","4",3
1930,688,"f","4",8
1930,346,"s","2",1
1931,427,"r","3",1
1932,688,"o","3",3
1932,427,"o","3",3
1933,688,"f","4",8
1933,346,"o","3",3
1933,427,"f","4",8
1934,418,"f","5",8
1934,420,"o","4",3
1934,456,"s","2",1
1934,688,"o","4",3
1934,908,"s","1",1
1935,688,"f","5",8
1935,427,"a","5",15
1936,908,"r","2",1
1937,427,"f","4",8
1938,427,"a","5",15
1939,427,"f","5",8
1940,418,"f","5",8
1940,420,"f","4",8
1940,346,"s","1",1
1940,427,"o","5",3
1941,1099,"o","3",3
1941,427,"a","5",15
1942,427,"a","5",15
1944,418,"r","4",1
1944,420,"r","2",1
1944,688,"f","5",8
1944,1099,"s","1",1
1944,427,"f","5",8
1945,420,"s","2",1
1945,688,"o","4",3
1945,346,"r","2",1
1945,427,"f","5",8
1945,651,"s","1",1
1946,418,"o","3",3
1946,420,"s","1",1
1946,688,"o","4",3
1946,1099,"s","1",1
1947,212,"r","2",1
1947,420,"s","1",1
1947,688,"r","3",1
1947,346,"s","1",1
1947,427,"lf","4",3
1949,212,"o","3",3
1949,420,"s","1",1
1949,427,"o","5",3
1950,212,"f","5",8
1950,427,"f","5",8
1951,418,"f","5",8
1951,420,"r","3",1
1951,688,"r","4",1
1951,346,"r","2",1
1951,427,"r","5",1
1952,420,"s","1",1
1953,427,"o","5",3
1954,1099,"o","3",3
1954,1327,"o","3",3
1955,427,"o","5",3
1956,427,"a","5",15
1959,418,"f","5",8
1959,479,"a","3",15
1959,3015,"f","5",8
1964,228,"o","4",3
1964,248,"r","3",1
1964,418,"f","5",8
1964,473,"r","2",1
1964,688,"r","4",1
1964,346,"r","3",1
1964,3011,"a","5",15
1964,3016,"f","4",8
1964,2991,"r","3",1
1965,3011,"o","3",3
1965,1324,"f","4",8
1965,219,"r","2",1
1965,221,"f","4",8
1965,337,"f","4",8
1965,714,"r","2",1
1965,1255,"o","4",3
1965,427,"f","5",8
1965,1385,"o","3",3
1972,212,"o","3",3
1972,219,"o","4",3
1972,221,"f","4",8
1972,228,"r","2",1
1972,248,"r","3",1
1972,337,"f","5",8
1972,418,"o","4",3
1972,688,"f","5",8
1972,908,"s","1",1
1972,346,"f","5",8
1972,427,"f","5",8
1972,1324,"a","5",15
1972,1327,"r","2",1
1972,1385,"o","4",3
1972,821,"o","3",3
1972,2629,"r","3",1
1972,2991,"a","5",15
1972,3016,"o","5",3
1974,212,"r","3",1
1974,219,"s","1",1
1974,221,"f","3",8
1974,337,"r","3",1
1974,418,"o","4",3
1974,688,"f","5",8
1974,346,"f","5",8
1974,427,"f","4",8
1974,1324,"f","5",8
1974,1327,"r","2",1
1974,821,"r","3",1
1974,2991,"f","4",8
1974,3024,"o","3",3
1996,228,"o","3",3
1996,248,"a","5",15
1996,1199,"f","4",8
1996,857,"r","2",1
1996,549,"r","2",1
1996,3024,"s","3",1
1997,337,"d","4",60
1997,420,"r","1",1
1997,688,"o","3",3
1997,427,"f","3",8
1999,212,"o","3",3
1999,219,"o","3",3
1999,221,"o","3",3
1999,228,"r","2",1
1999,260,"s","2",1
1999,337,"o","4",3
1999,418,"f","5",8
1999,688,"f","5",8
1999,346,"f","5",8
1999,427,"f","5",8
1999,1324,"a","5",15
1999,1327,"o","3",3
1999,326,"s","1",1
1999,2991,"o","4",3
1999,3024,"o","5",3
1999,473,"s","1",1
1999,2629,"s","1",1
1999,821,"r","3",1
2006,212,"o","3",3
2006,337,"o","3",3
2006,688,"f","5",8
2006,346,"f","5",8
2006,1327,"r","2",1
2006,2991,"o","4",3
2006,3024,"o","4",3
2007,473,"lf","3",3
2007,1327,"s","1",1
2007,3011,"f","4",8
2007,228,"r","3",1
2007,418,"a","5",15
2007,688,"r","3",1
2008,221,"o","3",3
2008,337,"o","3",3
2009,212,"o","3",3
2009,219,"r","2",1
2009,228,"r","2",1
2009,418,"f","5",8
2009,346,"f","4",8
2009,688,"a","5",15
2009,1099,"s","1",1
2009,427,"o","3",3
2009,1324,"lf","5",3
2009,821,"r","3",1
2009,3024,"r","4",1
2010,212,"s","3",1
2010,219,"r","2",1
2010,228,"o","3",3
2010,418,"a","5",15
2010,346,"r","2",1
2012,228,"r","2",1
2012,418,"o","3",3
2012,688,"a","5",15
2013,212,"r","3",1
2013,418,"o","3",3
2013,688,"a","5",15
2013,346,"f","5",8
2013,427,"f","5",8
2013,1324,"f","5",8
2013,821,"a","5",15
2013,221,"s","1",1
2014,418,"f","5",8
2014,688,"o","5",3
2014,1124,"r","2",1
2014,821,"o","3",3
2015,212,"s","3",1
2015,228,"o","3",3
2015,248,"a","5",15
2015,1199,"f","5",8
2015,688,"s","4",1
2015,857,"o","3",3
2015,1275,"s","3",1
2015,3011,"r","4",1
2016,418,"a","5",15
2017,228,"o","3",3
2017,260,"la","5",9
2017,418,"o","4",3
2017,688,"o","4",3
2017,346,"o","3",3
2018,212,"r","4",1
2018,418,"f","5",8
2018,688,"o","3",3
2019,418,"f","5",8
2019,473,"f","4",8
2019,821,"s","3",1
2021,212,"r","3",1
2021,418,"o","5",3
2021,688,"a","5",15
2021,346,"o","4",3
2021,1099,"s","1",1
2021,1324,"f","4",8
2021,1327,"r","3",1
2021,821,"s","3",1
2021,2991,"r","3",1
2021,1230,"s","3",1
2022,418,"f","5",8
2022,688,"f","5",8
2025,418,"f","5",8
2025,473,"r","3",1
2025,688,"o","4",3
2026,212,"r","3",1
2026,418,"f","4",8
2026,688,"r","4",1
2029,212,"r","3",1
2029,418,"f","5",8
2029,420,"s","2",1
2029,688,"la","5",9
2029,346,"o","3",3
2029,1324,"r","4",1
2029,1327,"r","2",1
2029,326,"s","1",1
2029,2991,"r","3",1
2029,748,"s","1",1
2029,473,"r","3",1
2033,248,"r","3",1
2033,441,"a","4",15
2033,346,"o","3",3
2033,228,"r","2",1
2033,1324,"r","3",1
2034,228,"r","3",1
2034,418,"o","3",3
2034,420,"r","2",1
2034,688,"la","5",9
2034,346,"o","4",3
2034,427,"lf","4",3
2034,1324,"lf","5",3
2034,1327,"r","3",1
2034,1385,"r","3",1
2035,219,"s","1",1
2035,221,"r","2",1
2035,228,"f","4",8
2035,248,"f","4",8
2035,418,"f","4",8
2035,473,"s","3",1
2035,688,"a","5",15
2035,346,"f","4",8
2035,427,"r","3",1
2035,1324,"o","4",3
2035,821,"r","3",1
2035,670,"la","4",9
2035,2629,"s","1",1
2035,2991,"s","2",1
2035,3024,"o","4",3
2037,228,"lf","4",3
2037,418,"f","5",8
2037,473,"lf","3",3
2037,688,"o","4",3
2037,3024,"r","4",1
2037,821,"s","3",1
2037,2991,"s","2",1
2038,688,"o","4",3
2038,418,"f","5",8
2038,346,"r","3",1
2038,427,"o","3",3
2038,1324,"r","3",1
2039,212,"f","4",8
2039,418,"r","3",1
2039,688,"f","5",8
2039,346,"a","5",15
2039,427,"f","5",8
2039,1324,"o","4",3
2040,212,"o","3",3
2040,427,"f","4",8
2042,212,"r","3",1
2042,228,"f","4",8
2042,248,"r","3",1
2042,418,"o","4",3
2042,688,"o","4",3
2042,346,"o","4",3
2042,1324,"o","4",3
2042,2991,"r","3",1
2044,212,"o","4",3
2044,228,"r","3",1
2044,418,"f","5",8
2044,473,"r","2",1
2044,3174,"f","5",8
2044,3015,"r","3",1
2044,3011,"lf","4",3
2044,3024,"o","4",3
2046,473,"s","2",1
2046,3011,"r","3",1
2046,3016,"r","3",1
2048,228,"la","4",9
2048,260,"a","5",15
2048,418,"lf","5",3
2048,688,"o","4",3
2048,473,"s","2",1
2048,3011,"r","3",1
2049,212,"r","3",1
2049,228,"r","3",1
2049,248,"o","4",3
2049,260,"s","1",1
2049,1199,"o","3",3
2049,890,"o","3",3
2049,418,"lf","4",3
2049,473,"r","2",1
2049,688,"o","4",3
2049,346,"o","3",3
2049,1183,"f","5",8
2049,427,"o","3",3
2049,1385,"o","3",3
2051,228,"a","4",15
2051,248,"r","3",1
2051,418,"o","4",3
2051,473,"r","2",1
2051,688,"f","4",8
2051,346,"o","4",3
2051,1324,"f","5",8
2051,1385,"s","2",1
2051,821,"o","4",3
2051,3016,"r","4",1
2051,2991,"o","4",3
2051,3024,"a","5",15
2051,670,"f","4",8
2053,212,"r","3",1
2053,219,"s","1",1
2053,221,"f","3",8
2053,260,"o","3",3
2053,337,"f","4",8
2053,418,"f","5",8
2053,688,"f","5",8
2053,346,"f","5",8
2053,427,"o","4",3
2053,1324,"f","5",8
2053,1327,"r","2",1
2053,1385,"o","3",3
2053,1230,"s","3",1
2053,3002,"o","4",3
2053,2991,"f","4",8
2053,3024,"f","5",8
2054,337,"a","4",15
2054,688,"f","4",8
2054,427,"f","4",8
2055,228,"o","3",3
2055,248,"f","4",8
2055,418,"o","3",3
2056,228,"f","4",8
2056,248,"o","3",3
2056,1199,"o","3",3
2056,418,"lf","4",3
2056,857,"o","3",3
2058,237,"s","2",1
2058,248,"r","3",1
2058,418,"o","3",3
2058,688,"lf","4",3
2058,346,"r","3",1
2058,1324,"o","4",3
2058,3024,"r","3",1
2058,337,"s","2",1
2075,228,"r","3",1
2075,337,"r","2",1
2075,418,"f","5",8
2075,346,"f","5",8
2077,418,"f","5",8
2077,714,"o","4",3
2077,337,"r","3",1
2128,441,"o","4",3
2128,997,"f","5",8
2128,1255,"o","4",3
2129,473,"f","5",8
2129,997,"s","2",1
2129,1099,"s","2",1
2130,714,"r","3",1
2130,1099,"r","2",1
2130,427,"la","1",9
2130,441,"r","2",1
2131,418,"o","4",3
2131,714,"r","3",1
2131,3011,"r","3",1
2134,418,"f","4",8
2134,3011,"r","4",1
2134,337,"s","3",1
2136,212,"s","1",1
2136,418,"f","5",8
2136,688,"o","4",3
2136,3011,"f","5",8
2136,3024,"s","3",1
2137,456,"s","1",1
2137,1324,"o","5",3
2137,1385,"r","2",1
2137,3024,"r","4",1
2138,418,"f","5",8
2138,688,"o","4",3
2138,346,"o","4",3
2138,1324,"r","3",1
2139,1324,"o","3",3
2139,1385,"o","3",3
2139,985,"r","2",1
2140,248,"f","5",8
2141,418,"f","5",8
2141,688,"r","3",1
2141,3011,"o","5",3
2141,3174,"r","4",1
2143,418,"f","5",8
2144,418,"f","5",8
2144,420,"o","3",3
2144,688,"o","5",3
2144,346,"r","3",1
2144,427,"r","5",1
2145,346,"s","1",1
2145,1255,"o","3",3
2145,1230,"a","4",15
2147,212,"o","3",3
2147,427,"o","5",3
2147,1230,"s","3",1
2148,1099,"f","3",8
2149,418,"o","4",3
2149,688,"o","3",3
2149,427,"r","4",1
2152,420,"r","2",1
2152,688,"f","4",8
2152,427,"r","4",1
2152,1230,"s","2",1
2079,688,"a","5",15
2079,346,"r","2",1
2080,346,"r","2",1
2081,688,"a","5",15
2081,346,"o","3",3
2084,212,"r","2",1
2084,248,"o","5",3
2084,420,"r","2",1
2084,1099,"r","3",1
2084,1183,"s","2",1
2084,427,"r","5",1
2084,549,"o","3",3
2084,3011,"s","3",1
2084,337,"s","3",1
2084,1255,"s","3",1
2084,1051,"r","2",1
2085,219,"r","2",1
2085,418,"f","5",8
2085,688,"f","5",8
2085,346,"o","3",3
2085,427,"f","5",8
2085,1324,"a","5",15
2085,1385,"o","3",3
2085,3011,"r","3",1
2086,418,"f","5",8
2086,688,"o","4",3
2086,3011,"a","5",15
2088,346,"r","3",1
2088,1324,"r","2",1
2088,1230,"o","4",3
2089,418,"f","5",8
2089,420,"f","3",8
2089,688,"lf","4",3
2089,221,"s","1",1
2089,638,"r","3",1
2090,248,"la","5",9
2092,418,"f","5",8
2092,688,"o","4",3
2092,997,"r","2",1
2092,1099,"r","2",1
2092,1255,"s","2",1
2095,688,"o","3",3
2095,346,"r","2",1
2095,1099,"r","2",1
2095,427,"a","5",15
2098,219,"s","1",1
2098,418,"f","4",8
2098,688,"f","5",8
2098,346,"o","4",3
2098,427,"f","5",8
2098,1324,"lf","5",3
2098,3024,"r","3",1
2099,997,"o","3",3
2101,997,"r","3",1
2101,346,"r","3",1
2101,1255,"s","1",1
2101,427,"o","5",3
2101,1230,"r","4",1
2103,418,"f","4",8
2103,420,"o","3",3
2103,688,"o","4",3
2104,1324,"o","3",3
2107,212,"r","2",1
2107,420,"r","2",1
2107,688,"o","4",3
2107,1099,"r","2",1
2107,427,"f","5",8
2107,1324,"o","5",3
2107,638,"s","2",1
2108,420,"f","4",8
2108,688,"f","5",8
2108,1099,"r","2",1
2108,427,"f","5",8
2109,1099,"lf","4",3
2109,427,"lf","4",3
2110,427,"lf","5",3
2110,997,"r","3",1
